Initial Setting;number of classes;Number of attributes;Number of references;Max hierarchical concatenation;Max DIT;Maintainability;Understandability;Complexity;Reusability;
http://www.clinigrid.org/Capillary/2011/Transformation;57.0;43.0;11.0;3.0;3.0;23.4;2.491228;14.491228;0.4489796;
http://www.best.org/of/robotics/SmachDSL;7.0;7.0;10.0;0.0;2.0;5.2;1.0;3.0;0.0;
http://projektangriff.de/eva/core/model;6.0;8.0;14.0;0.0;1.0;5.8;1.0;8.0;0.0;
http://www.tudresden.de/feature;26.0;22.0;13.0;2.0;2.0;13.0;2.0;29.0;0.27083334;
http:///schoolIncqDerived.ecore;7.0;18.0;11.0;1.0;2.0;7.8;1.1428572;42.142857;0.14705883;
http://www.soluvas.org/schema/web.googleanalytics/1.0;1.0;0.0;2.0;0.0;0.0;0.6;1.0;1.0;0.0;
http://www.iks-gmbh.com/hto/karteikastensystem/1.0.0;6.0;9.0;13.0;0.0;1.0;5.8;1.0;17.0;0.0;
roxgt;5.0;5.0;3.0;1.0;1.0;3.0;1.4;3.4;0.33333334;
dk.itu.oclExamples;3.0;4.0;0.0;0.0;0.0;1.4;1.0;11.0;0.0;
ERA;4.0;4.0;4.0;0.0;0.0;2.4;1.0;12.0;0.0;
http://www.consoli.org/customlexerexample/Attributes;4.0;1.0;3.0;1.0;1.0;2.0;1.5;1.5;0.33333334;
platform:/resource/org.talend.model/model/TalendFile.xsd;25.0;39.0;91.0;0.0;2.0;31.4;1.0;1.0;0.0;
store;112.0;138.0;213.0;2.0;5.0;94.0;1.5625;243.5625;0.3184466;
http://www.xtext.org/Webproject;8.0;4.0;14.0;1.0;2.0;5.8;1.25;1.25;0.0;
http://www.diva.org/diva;52.0;47.0;22.0;4.0;6.0;26.2;3.5769231;24.576923;0.5660377;
http://www.eclipse.org/emf/2011/Henshin;27.0;47.0;10.0;2.0;6.0;18.4;2.2222223;57.22222;0.4864865;
modulecore.xmi;5.0;5.0;11.0;0.0;2.0;4.6;1.0;8.0;0.0;
http://org/eclipse/example/bowling;5.0;5.0;7.0;0.0;1.0;3.6;1.0;7.0;0.0;
http://www.mlhim.org/mlhim2;122.0;128.0;83.0;5.0;4.0;68.4;3.2950819;3.2950819;0.7706522;
http://www.plcopen.org/xml/tc6_0201;122.0;362.0;295.0;2.0;7.0;157.6;1.1967213;1.1967213;0.1389253;
http://www.fluxit.com.ar/jqa/schema/ruleset;18.0;9.0;8.0;2.0;2.0;7.8;2.3333333;2.3333333;0.51428574;
NQC_URI;40.0;46.0;12.0;4.0;3.0;21.0;2.475;11.475;0.42;
http://tar;4.0;6.0;3.0;0.0;3.0;3.2;1.0;4.0;0.0;
http://www.puppetlabs.com/geppetto/1.0.0/PP;77.0;46.0;19.0;3.0;4.0;29.8;2.6363637;2.6363637;0.50757575;
http://grapheditormodel/1.0;3.0;7.0;2.0;0.0;2.0;2.8;1.0;6.0;0.0;
platform:/resource/BDDContracts/model/BDDModel.ecore;13.0;13.0;7.0;1.0;4.0;7.6;1.3076923;1.3076923;0.33333334;
http://de.hub.clickwatch.model;9.0;9.0;29.0;1.0;3.0;10.2;1.2222222;1.2222222;0.05;
http://www.pror.org/presentation/wrspm/xtext/WrspmDomainmodel;5.0;2.0;2.0;1.0;1.0;2.2;1.6;2.6;0.0;
http://www.xtext.org/haxedsl/HaxeDSL;11.0;4.0;16.0;3.0;1.0;7.0;1.8181819;1.8181819;0.16666667;
http://emftext.org/;5.0;3.0;1.0;2.0;1.0;2.4;2.2;4.2;0.5;
http://www.hivdrc.org/hivpredrt;8.0;9.0;10.0;0.0;1.0;5.6;1.0;1.0;0.0;
http://www.mcreiseii.at/jpas/JPas;15.0;17.0;15.0;3.0;4.0;10.8;1.4;1.4;0.0;
http://www.groundspeak.com/cache/1/0/1;14.0;15.0;34.0;0.0;2.0;13.0;1.0;1.0;0.0;
http://www.caltoopia.org/frontend/Cal;62.0;119.0;28.0;3.0;6.0;43.6;1.5;12.5;0.11445783;
http://diamond.org/reconresults;2.0;1.0;4.0;0.0;1.0;1.6;1.0;1.0;0.0;
http://ict-alive.sourceforge.net/owls/service;5.0;7.0;2.0;0.0;1.0;3.0;1.0;17.0;0.0;
http://www.grammaticalframework.org/eclipse/GF;47.0;101.0;60.0;2.0;3.0;42.6;1.2765957;5.2765956;0.5954774;
http://www.eclipse.org/dltk/tcl/parserules.ecore;9.0;6.0;11.0;1.0;2.0;5.8;1.7777778;2.7777777;0.5;
urn:oasis:names:tc:opendocument:xmlns:container;3.0;2.0;4.0;0.0;2.0;2.2;1.0;1.0;0.0;
lit_petriNets;3.0;8.0;2.0;0.0;0.0;2.6;1.0;23.0;0.0;
http:///org/isistan/flabot/edit/editormodel.ecore;57.0;114.0;48.0;8.0;6.0;46.6;2.877193;128.8772;0.4723127;
http://www.eclipse.org/CDO/releng/workingsets/1.0;4.0;2.0;2.0;1.0;2.0;2.2;1.25;1.25;0.0;
http://www.emftext.org/language/javaforms/codegen;1.0;0.0;0.0;0.0;0.0;0.2;1.0;1.0;NaN;
http://www.eclipse.org/hyades/schema/Extractor.xsd;5.0;7.0;14.0;1.0;1.0;5.6;1.2;1.2;0.16;
http://trustmetamodel/1.0;8.0;11.0;15.0;0.0;2.0;7.2;1.0;2.0;0.0;
http://www.ow2.org/mindEd/itf/;48.0;73.0;22.0;3.0;10.0;31.2;1.4791666;2.4791665;0.17391305;
http://www.eclipse.org/ocl/1.1.0/OCLCST;49.0;56.0;26.0;5.0;4.0;28.0;3.3469388;4.346939;0.7759563;
http://se.kaist.ac.kr/aom;21.0;36.0;29.0;6.0;2.0;18.8;2.7619047;87.7619;0.26136363;
http://www.eglipse.org/lang/Glsl;74.0;52.0;26.0;3.0;2.0;31.4;2.6351352;5.635135;0.30973452;
http://mrdata/1.0;25.0;23.0;28.0;1.0;2.0;15.8;1.76;3.76;0.28169015;
http://www.eclipse.org/ocl/3.1.0/Pivot;116.0;170.0;57.0;11.0;5.0;71.8;7.1551723;187.15518;0.841142;
http://www.postfinance.ch/kobe/dsl/tech/AutBE;3.0;2.0;5.0;0.0;2.0;2.4;1.0;1.0;0.0;
http://www.visualligence.com/g/VML;12.0;12.0;6.0;1.0;2.0;6.6;1.5;6.5;0.33333334;
http://fsa/1.0;3.0;7.0;3.0;0.0;1.0;2.8;1.0;14.0;0.0;
http://docbook.org/ns/docbook;79.0;175.0;132.0;1.0;4.0;78.2;1.0126582;1.0126582;0.0032467532;
http://www.kile.de/zapfmaster2000/1.0;22.0;29.0;56.0;1.0;2.0;22.0;1.4090909;57.409092;0.24778761;
http://www.correttouml.org/grammars/StateMachineActions;7.0;9.0;7.0;0.0;4.0;5.4;1.0;1.0;0.0;
http:///org/eclipse/gmf/examples/library.ecore;5.0;7.0;5.0;0.0;2.0;3.8;1.0;8.0;0.0;
http://csv.me12.big.tuwien.ac.at/1.0;10.0;6.0;10.0;2.0;2.0;6.0;1.8;3.8;0.46666667;
http://www.obeonetwork.org/dsl/environment/2.0.0;28.0;43.0;19.0;4.0;2.0;19.2;2.392857;51.392857;0.7596899;
http://dp/1.0;5.0;10.0;7.0;0.0;0.0;4.4;1.0;27.0;0.0;
http://www.omg.com/di/1.0.0;7.0;12.0;14.0;1.0;2.0;7.2;1.4285715;1.4285715;0.44680852;
http://www.soluvas.org/schema/web.olark/1.0;1.0;0.0;3.0;0.0;0.0;0.8;1.0;1.0;0.0;
http://process/1.0;5.0;4.0;3.0;2.0;0.0;2.8;2.2;13.2;0.6666667;
http://rhs;3.0;3.0;7.0;0.0;2.0;3.0;1.0;4.0;0.0;
http://metawebmodel/1.0;20.0;23.0;21.0;1.0;9.0;14.8;1.05;7.05;0.022222223;
http://www.eclipse.org/datatools/connectivity/oda/design;57.0;73.0;80.0;2.0;7.0;43.8;1.1403508;1.1403508;0.049689442;
platform:/resource/junitAssert/model/Assert.ecore;13.0;9.0;8.0;1.0;3.0;6.8;1.6153846;1.6153846;0.0;
http://gts.inf.um.es/modernization/cst;4.0;1.0;4.0;2.0;1.0;2.4;2.0;2.0;0.44444445;
http://www.w3.org/XML/1998/namespace;1.0;2.0;5.0;0.0;1.0;1.8;1.0;1.0;0.0;
http:///org.eclipse.emf.test.models/dbitem;4.0;7.0;3.0;0.0;1.0;3.0;1.0;1.0;0.0;
http://www.xtext.org/example/mydsl/ServerGeneratorLanguage;17.0;7.0;4.0;1.0;2.0;6.2;1.6470588;3.647059;0.5;
http://org.emftext/notes;11.0;5.0;3.0;2.0;1.0;4.4;2.090909;3.090909;0.46666667;
http://www.certware.net/hazard;7.0;7.0;24.0;0.0;2.0;8.0;1.0;3.0;0.0;
http://directives/1.0;23.0;4.0;10.0;4.0;1.0;8.4;3.0869565;3.0869565;0.57575756;
http://www.emftext.org/language/martinfowlerdsl;6.0;8.0;4.0;1.0;2.0;4.2;1.3333334;10.333334;0.25;
urn:org.ops4j.coro:score;13.0;14.0;19.0;0.0;2.0;9.6;1.0;17.0;0.0;
http://www.obeo.fr/training/relational/1.0;7.0;4.0;7.0;1.0;3.0;4.4;1.4285715;2.4285715;0.21428572;
http://furniture/1.0;8.0;3.0;14.0;1.0;2.0;5.6;1.5;2.5;0.41379312;
AUIML;385.0;494.0;61.0;2.0;4.0;189.2;1.7376623;237.73766;0.16541353;
http://www.eclipse.org/xsd/2002/XSD;57.0;125.0;98.0;8.0;2.0;58.0;4.9298244;89.929825;0.7034575;
http://schema.omg.org/spec/KDM/1.2;300.0;256.0;59.0;8.0;6.0;125.8;5.6433334;182.64334;0.872211;
org.eclipse.jwt;44.0;38.0;23.0;6.0;4.0;23.0;4.318182;47.318184;0.7404255;
http://www.medevit.at/menus/;2.0;2.0;5.0;0.0;1.0;2.0;1.0;2.0;0.0;
http://www.bluexml.com/rwm/documentation/1.0/;11.0;9.0;5.0;2.0;2.0;5.8;1.6363636;2.6363635;0.125;
http://www.xtext.org/example/p4dsl/P4Dsl;11.0;2.0;1.0;3.0;1.0;3.6;3.090909;3.090909;0.78571427;
http:///org/eclipse/tptp/platform/analysis/util.ecore;27.0;10.0;15.0;3.0;2.0;11.4;2.2592592;2.2592592;0.5762712;
http://www.imag.fr/Unql;4.0;3.0;9.0;0.0;1.0;3.4;1.0;1.0;0.0;
http://miso.es/genericity/benchmarks/pub_tgt;6.0;4.0;8.0;0.0;3.0;4.2;1.0;1.0;0.0;
http:///org/eclipse/stem/analysis.ecore;5.0;0.0;5.0;1.0;0.0;2.2;1.4;1.4;0.0;
http://www.opengis.net/citygml/cityfurniture/1.0;2.0;17.0;4.0;3.0;2.0;5.6;2.5;2.5;0.4;
platform:/plugin/org.eclipse.e4.tm/model/tm/styles.ecore;7.0;3.0;7.0;1.0;2.0;4.0;1.4285715;1.4285715;0.375;
http://schmeedy.com/pdt/joomla/server;11.0;11.0;26.0;1.0;3.0;10.4;1.1818181;16.181818;0.3018868;
www.ucd.ie/BONModel;29.0;31.0;18.0;3.0;3.0;16.8;2.2068965;29.206896;0.5882353;
caNopen;110.0;450.0;269.0;1.0;4.0;166.8;1.0181818;1.0181818;0.0;
http://www.eclipse.org/wsdl/2003/WSDL;108.0;158.0;131.0;8.0;5.0;82.0;4.1944447;102.19444;0.6752809;
http://www.ioicompanies.org/lang/IOI;6.0;7.0;6.0;1.0;2.0;4.4;1.1666666;2.1666665;0.1875;
http://moviedb.akluge.de;2.0;0.0;4.0;0.0;0.0;1.2;1.0;1.0;0.0;
http://www.emftext.org/language/pacad;20.0;18.0;19.0;3.0;2.0;12.4;2.05;16.05;0.3508772;
http://www.xtext.org/example/helloscoping/HelloScoping;4.0;5.0;2.0;0.0;1.0;2.4;1.0;3.0;0.0;
http://www.emftext.org/language/BON;25.0;33.0;4.0;2.0;2.0;13.2;1.84;12.84;0.47142857;
http://www.guixdsl.org/Guixdsl;4.0;1.0;3.0;1.0;1.0;2.0;1.5;1.5;0.5;
http://www.emftext.org/language/class_diagramm;14.0;14.0;13.0;1.0;1.0;8.6;1.5;7.5;0.0;
http://mmocore.ru/model/1.0.0;15.0;9.0;15.0;4.0;2.0;9.0;1.9333333;8.933333;0.5294118;
http://www.thalesgroup.com/spem/2.0;98.0;97.0;58.0;10.0;3.0;53.2;5.428571;97.42857;0.89604294;
http://www.paranor.ch/alan/pdcspecio/PdcSpecIO;13.0;24.0;34.0;1.0;3.0;15.0;1.2307693;5.230769;0.13432837;
http://uforthrt/1.0;5.0;4.0;5.0;0.0;1.0;3.0;1.0;1.0;0.0;
http://www.robotoworks.com/mechanoid/net/NetModel;38.0;22.0;19.0;4.0;4.0;17.4;2.2368422;4.236842;0.28070176;
http://xored.com/x5/1.0;5.0;2.0;8.0;1.0;1.0;3.4;1.4;1.4;0.0;
http://www.kermeta.org/car;8.0;2.0;0.0;1.0;1.0;2.4;1.625;1.625;0.0;
http://genericity/genericity_dsl;67.0;80.0;25.0;5.0;1.0;35.6;3.5373135;181.53731;0.8981571;
http:///jsm.ecore;51.0;54.0;22.0;5.0;1.0;26.6;2.4705882;100.47059;0.575419;
http:///org/generationcp/model/core/organization/property.ecore;71.0;97.0;38.0;5.0;4.0;43.0;3.6197183;147.61972;0.7932619;
http://www.eclipse.org/ecl/platform.ui/objects.ecore;1.0;0.0;2.0;0.0;0.0;0.6;1.0;1.0;0.0;
http://www.reuseware.org/application/abstractcim;10.0;8.0;6.0;3.0;1.0;5.6;2.4;9.4;0.46153846;
http://ecliballs/1.0;5.0;7.0;8.0;0.0;2.0;4.4;1.0;4.0;0.0;
http://ca.uwaterloo.gsd/fsml;3.0;2.0;0.0;0.0;1.0;1.2;1.0;1.0;0.0;
http://reuseware.org/example/ecore/MediatorPattern;2.0;2.0;0.0;0.0;1.0;1.0;1.0;3.0;0.0;
http://iec.ch/TC57/2010/CIM-schema-cim15;28.0;16.0;88.0;5.0;0.0;27.4;3.3214285;51.32143;0.5720165;
http://www.pylon.org/Pylon;4.0;9.0;50.0;0.0;1.0;12.8;1.0;10.0;0.0;
http://pipenets.dualexec.com;5.0;6.0;2.0;2.0;1.0;3.2;2.0;6.0;0.6;
http://rules_core/1.0;15.0;6.0;1.0;2.0;1.0;5.0;2.4;2.4;0.72;
http://www.eclipse.org/gmf/2006/GraphicalDefinition;69.0;55.0;65.0;8.0;4.0;40.2;3.1304348;26.130436;0.77099234;
http://spray.eclipselabs.org/examples/Conceptmap;7.0;7.0;1.0;2.0;1.0;3.6;2.4285715;8.428572;0.42857143;
http://eclipse.org/graphiti/mm;43.0;43.0;62.0;7.0;5.0;32.0;3.8139534;64.81395;0.75581396;
http://collaborativemdeprocess/1.0;6.0;12.0;14.0;0.0;5.0;7.4;1.0;2.0;0.0;
platform:/resource/de.cau.cs.kieler.sim.ptolemy/moml.xsd;24.0;101.0;61.0;1.0;1.0;37.6;1.0416666;1.0416666;0.0121951215;
http:///expression.ecore;2.0;1.0;6.0;0.0;1.0;2.0;1.0;1.0;0.0;
http://klaper.sourceforge.net/metamodels/simulator/1.0;29.0;17.0;18.0;1.0;4.0;13.8;1.6551725;6.6551723;0.40677965;
http://mdsd.altimos.de/majordomo/1.0;46.0;31.0;10.0;5.0;2.0;18.8;2.6956522;34.695652;0.5060241;
http://www.obeonetwork.org/dsl/typeslibrary/1.0;11.0;8.0;9.0;1.0;2.0;6.2;1.5454545;6.5454545;0.1904762;
org.eclipse.mylyn.reviews;5.0;2.0;10.0;1.0;1.0;3.8;1.4;3.4;0.14285715;
dk.itu.oclExamples;1.0;0.0;2.0;0.0;0.0;0.6;1.0;1.0;0.0;
http://www.omg.org/space/xtce;207.0;291.0;222.0;4.0;5.0;145.8;1.5748792;1.5748792;0.465625;
http://www.diva.org/diva;49.0;47.0;22.0;3.0;6.0;25.4;2.7142856;23.714287;0.5660377;
http://eclectic.org/frontend/imperativeL;13.0;5.0;1.0;1.0;2.0;4.4;1.3076923;1.3076923;0.0;
http:///fr/labsticc/framework/constraints;10.0;11.0;10.0;2.0;1.0;6.8;2.3;15.3;0.6111111;
http://extjs.w3des.net/1.0;10.0;3.0;12.0;2.0;2.0;5.8;2.0;2.0;0.63414633;
http://www.uqbar.org/hoope/HOOPL;6.0;7.0;3.0;1.0;1.0;3.6;1.5;1.5;0.23076923;
cloud;13.0;14.0;2.0;1.0;2.0;6.4;1.1538461;10.153846;0.11111111;
http://es.makestrid.premf.transactionmodel/1.0;1.0;0.0;2.0;0.0;0.0;0.6;1.0;1.0;0.0;
http:///org/eclipse/tigerstripe/workbench/annotation/modelreference.ecore;1.0;0.0;1.0;0.0;0.0;0.4;1.0;1.0;0.0;
platform:/resource/BDDCTransform/model/TransformModel.ecore;14.0;10.0;12.0;1.0;2.0;7.8;1.5714285;2.5714285;0.0;
http://geotools.org/data/efeature/efeature.ecore/1.0;1.0;0.0;5.0;0.0;0.0;1.2;1.0;1.0;0.0;
http://www.thalesgroup.com/openflexo/emf/model/city1;3.0;3.0;5.0;0.0;2.0;2.6;1.0;2.0;0.0;
http://www.urdad.org/2010/urdad;69.0;69.0;13.0;6.0;4.0;32.2;4.0434785;26.043478;0.67460316;
http://www.iec.ch/61850/2006/SCLmaintenance;2.0;3.0;3.0;0.0;1.0;1.8;1.0;1.0;0.0;
xls;16.0;15.0;22.0;2.0;1.0;11.2;1.6875;36.6875;0.26;
http://wikicontent/1.0;4.0;3.0;5.0;0.0;1.0;2.6;1.0;1.0;0.0;
http://org/ai4fm/proofprocess/v1.0.0.12;15.0;20.0;8.0;1.0;3.0;9.4;1.2;4.2;0.09677419;
http://www.earthsystemcurator.org/cplfm;28.0;8.0;4.0;3.0;1.0;8.8;2.0;3.0;0.0;
http://irit.fr/comdiag;5.0;4.0;4.0;2.0;1.0;3.2;2.2;9.2;0.42857143;
http://www.b2international.com/snomed/visualization/dsl/VisualizationModel;7.0;9.0;2.0;0.0;3.0;4.2;1.0;1.0;0.0;
http://modelum.es/atlanmod/api2mol;13.0;8.0;11.0;2.0;3.0;7.4;1.6923077;1.6923077;0.17391305;
http://CellAutomata.istic.fr/CellEvol;1.0;0.0;1.0;0.0;0.0;0.4;1.0;1.0;0.0;
http:///org/eclipse/ui/views/properties/tabbed/examples/org.eclipse.ui.examples.views.properties.tabbed.hockeyleague.ecore;10.0;10.0;41.0;2.0;4.0;13.4;2.0;4.0;0.37804878;
http://www.eclipse.org/papyrus/properties;37.0;44.0;42.0;3.0;4.0;26.0;1.972973;43.972973;0.35338345;
http://www.robotframework.org/text/Space;28.0;22.0;15.0;1.0;3.0;13.8;1.5714285;3.5714285;0.3272727;
http://zanshin.disi.unitn.it/1.0/ltl;5.0;0.0;1.0;3.0;0.0;1.8;2.8;2.8;0.0;
http://mvcmetamodel/1.0;23.0;14.0;26.0;4.0;3.0;14.0;2.9130435;2.9130435;0.09090909;
http://www.eclipse.org/wsdl/2003/MIME;116.0;162.0;132.0;8.0;5.0;84.6;4.112069;104.11207;0.67727774;
http://www.eclipse.org/emf/texo/test/model/samples/music;5.0;5.0;20.0;0.0;2.0;6.4;1.0;6.0;0.0;
http://www.ptolemy.org/kernel;14.0;27.0;2.0;8.0;3.0;10.8;3.9285715;24.928572;0.6506024;
http://www.eclipse.org/xtext/tutorial/survey/Survey;8.0;8.0;9.0;1.0;3.0;5.8;1.25;4.25;0.1904762;
http://www.eclipse.org/example;5.0;10.0;8.0;0.0;2.0;5.0;1.0;19.0;0.0;
http://www.lunifera.org/dsl/organization/v1;10.0;11.0;23.0;1.0;2.0;9.4;1.7;9.7;0.0;
http://www.unidue.de/ecg/characterScript/CharacterScript;16.0;12.0;15.0;2.0;3.0;9.6;1.75;4.75;0.20588236;
http://www.wazaabi.org/edp;22.0;6.0;12.0;7.0;2.0;9.8;2.9545455;2.9545455;0.6896552;
platform:/resource/org.eclipse.emf.examples.xmlgen/model/rss-2.0.xsd;13.0;15.0;57.0;0.0;2.0;17.4;1.0;1.0;0.0;
http://www.femto-st.fr/disc/Modelica.ecore;22.0;31.0;51.0;2.0;2.0;21.6;1.5454545;65.545456;0.6168224;
http://www.uppaal.org/xml/description/Description;81.0;112.0;21.0;2.0;4.0;44.0;2.4074075;2.4074075;0.0;
http://melanee.org/ebnfmm;14.0;5.0;4.0;4.0;1.0;5.6;3.0714285;9.071428;0.7352941;
http://www.devboost.org/stanford/language;95.0;8.0;5.0;2.0;2.0;22.4;2.0105264;15.010527;0.9584665;
http://www.unibo.it/Arduino;41.0;34.0;38.0;3.0;2.0;23.6;1.8292683;18.829268;0.20879121;
http://de.hub.emffrag/emffrag;6.0;1.0;6.0;1.0;1.0;3.0;1.5;1.5;0.53333336;
http://miso.es/genericity/benchmarks/bio_src;10.0;12.0;28.0;0.0;1.0;10.2;1.0;4.0;0.0;
ObjectOrientedModel_1_deployment.xmi;4.0;2.0;6.0;1.0;0.0;2.6;1.5;7.5;0.42857143;
http://www.eclipse.org/b3/2010/p2/1.0.0;51.0;30.0;52.0;7.0;2.0;28.4;2.4117646;4.4117646;0.70289856;
http://library/1.0;3.0;4.0;5.0;0.0;2.0;2.8;1.0;3.0;0.0;
http://org.eclipse.jst.jsf.core/componentMapping.ecore;7.0;2.0;16.0;1.0;2.0;5.6;1.4285715;1.4285715;0.33333334;
http:///predefinedobjects.ecore;32.0;0.0;135.0;0.0;0.0;33.4;1.0;1.0;0.0;
http://www.sebastianbenz.de/xgherkin/Gherkin;18.0;10.0;10.0;1.0;3.0;8.4;1.6111112;1.6111112;0.5121951;
http://genericity/examples/basicBlocks;3.0;4.0;3.0;0.0;2.0;2.4;1.0;3.0;0.0;
http://jutzig.de/jabylon/users;5.0;7.0;10.0;0.0;2.0;4.8;1.0;5.0;0.0;
http://eclipselabs.org/mlang/soy;17.0;14.0;7.0;5.0;2.0;9.0;2.6470587;22.647058;0.59615386;
http://www.eclipselabs.org/mongo/emf/model;2.0;0.0;3.0;1.0;0.0;1.2;1.5;1.5;0.0;
system.reliability.model;6.0;8.0;8.0;1.0;2.0;5.0;1.3333334;17.333332;0.11111111;
http://novafrigor/1.0;19.0;15.0;48.0;0.0;2.0;16.8;1.0;16.0;0.0;
http://www.dollyn.me/goide/Golang;3.0;1.0;3.0;0.0;1.0;1.6;1.0;1.0;0.0;
http://modulob.dubmas.de/1.0;21.0;20.0;21.0;2.0;4.0;13.6;1.6666666;6.6666665;0.19607843;
ns_uri;42.0;58.0;102.0;2.0;8.0;42.4;1.3571428;29.357143;0.14438502;
http://www.talend.com/joblet.ecore;27.0;40.0;94.0;1.0;2.0;32.8;1.074074;1.074074;0.20710059;
http://www.eclipse.org/NET4J/util/defs/1.0.0;12.0;6.0;7.0;2.0;2.0;5.8;2.0833333;7.083333;0.071428575;
http://www.bonitasoft.org/ns/actormapping/6.0;8.0;9.0;8.0;0.0;2.0;5.4;1.0;1.0;0.0;
http://MMUseCase;51.0;72.0;92.0;3.0;5.0;44.6;2.0980392;37.098038;0.52873564;
http://cartesiancoordinatesystem/1.0;9.0;8.0;9.0;2.0;1.0;5.8;2.1111112;7.111111;0.58536583;
http://www.eclipse.org/team/psf;6.0;5.0;12.0;0.0;3.0;5.2;1.0;1.0;0.0;
http://irit.fr/scenarioparticipant;25.0;30.0;14.0;2.0;4.0;15.0;1.76;1.76;0.21428572;
http:///edu;66.0;50.0;4.0;5.0;2.0;25.4;3.5454545;11.545454;0.49056605;
http://uam.es/StateCharts;7.0;5.0;1.0;2.0;1.0;3.2;2.0;13.0;0.78571427;
http://www.eclipse.org/papyrus/alf/Alf;102.0;127.0;39.0;3.0;14.0;57.0;1.5980393;1.5980393;0.07777778;
http://www.istic.fr/idm/cellularautomata/initialization;4.0;3.0;3.0;0.0;2.0;2.4;1.0;1.0;0.0;
java://org.eclipse.stardust.engine.extensions.transformation.model;3.0;2.0;6.0;0.0;1.0;2.4;1.0;1.0;0.0;
http://de.hub.emffrag/emffrag_internal;1.0;1.0;4.0;0.0;1.0;1.4;1.0;1.0;0.0;
http://spray.eclipselabs.org/examples/Epk;29.0;31.0;1.0;4.0;1.0;13.2;2.7586207;30.758621;0.60493827;
http:///org/generationcp/model/core/publication.ecore;85.0;119.0;54.0;5.0;4.0;53.4;3.7882352;181.78824;0.7995365;
OO_concept;17.0;12.0;3.0;5.0;2.0;7.8;2.8235295;12.823529;0.75409836;
http://www.eclipse.org/ocl/1.0.0/CG;75.0;63.0;23.0;8.0;3.0;34.4;6.52;62.52;0.85924715;
http://www.eclipse.org/emf/teneo/samples/emf/annotations/embeddedid;2.0;1.0;3.0;0.0;1.0;1.4;1.0;1.0;0.0;
http://www.example.org/ctx;15.0;11.0;2.0;4.0;2.0;6.8;2.8666666;10.866667;0.55172414;
http://openscada.org/openSCADA/DetailView/1.0;37.0;15.0;74.0;3.0;3.0;26.4;2.162162;2.162162;0.4702381;
http://org/mmiEventsModel;89.0;0.0;23.0;4.0;0.0;23.2;3.5730338;3.5730338;0.89252335;
http://sitacview/1.0;19.0;9.0;7.0;2.0;2.0;7.8;1.9473684;4.9473686;0.2;
http://www.opengis.net/citygml/relief/1.0;10.0;29.0;9.0;4.0;7.0;11.8;3.5;3.5;0.77380955;
http://www.correttouml.org/grammars/Assignments;4.0;5.0;4.0;0.0;3.0;3.2;1.0;1.0;0.0;
http://www.hishidama.jp/xtext/dmdl_editor/dmdl;25.0;28.0;14.0;1.0;10.0;15.6;1.12;5.12;0.1764706;
http://www.informatik.hu-berlin.de/sam/modifications;4.0;1.0;5.0;1.0;1.0;2.4;1.5;1.5;0.5;
http://www.niu.name/guita/uisut/1.0;16.0;18.0;12.0;2.0;3.0;10.2;2.25;19.25;0.6296296;
platform:/resource/uk.ac.diamond.tomography.reconstruction.parameters/model/hm.xsd;78.0;79.0;201.0;0.0;2.0;72.0;1.0;1.0;0.0;
urn:openscada:configurator:sec;10.0;7.0;11.0;1.0;2.0;6.2;1.6;5.6;0.5135135;
http://kieler.cs.cau.de/annotations;11.0;3.0;7.0;4.0;1.0;5.2;3.5454545;4.5454545;0.6666667;
http://www.bolton.ac.uk/archimate;100.0;17.0;36.0;10.0;2.0;33.0;8.33;18.33;0.9075044;
http://net.paissad.waqtsalat/locationsprovider/1.0;4.0;3.0;7.0;1.0;1.0;3.2;1.75;7.75;0.0;
http://mit.bme.hu/mdsd/appstore/customer-behaviour;6.0;11.0;11.0;0.0;1.0;5.8;1.0;19.0;0.0;
platform:/resource/org.uppaal.xml/model/flat11.xsd;14.0;29.0;35.0;0.0;2.0;16.0;1.0;1.0;0.0;
http://www.eclipselabs.org/swedit/jenarules/JenaRules;18.0;12.0;10.0;2.0;2.0;8.8;1.7222222;2.7222223;0.083333336;
http://www.planet-lab.org;6.0;5.0;30.0;1.0;3.0;9.0;1.1666666;5.1666665;0.22222222;
flow_diagrams_with_edge;4.0;6.0;2.0;1.0;1.0;2.8;1.25;13.25;0.2;
http://www.enseeiht.fr/PDL2;8.0;7.0;7.0;1.0;2.0;5.0;1.25;3.25;0.0;
http://model.vortex;28.0;36.0;196.0;1.0;2.0;52.6;1.9642857;34.964287;0.18881118;
http://atl2java.ame13.big.tuwien.ac.at/1.0;14.0;20.0;12.0;2.0;2.0;10.0;1.5;45.5;0.33333334;
http://www.kermeta.org/featureDiagram;15.0;15.0;9.0;2.0;2.0;8.6;2.4666667;32.466667;0.5;
platform:/resource/JETTransformation/metamodel/rdl.xsd;17.0;18.0;43.0;0.0;2.0;16.0;1.0;1.0;0.0;
http://www.eclipse.org/emf/teneo/samples/emf/annotations/inheritancemapping;9.0;2.0;13.0;2.0;1.0;5.4;1.6666666;3.6666665;0.4642857;
NHSM;3.0;4.0;1.0;0.0;1.0;1.8;1.0;3.0;0.0;
http://eclipse.org/ocl/impactananalyzer/example/sac;6.0;3.0;2.0;1.0;2.0;2.8;1.6666666;2.6666665;0.2857143;
salesystem;4.0;2.0;2.0;1.0;1.0;2.0;1.5;1.5;0.33333334;
http://www.kermeta.org/fsmSample;4.0;10.0;5.0;0.0;2.0;4.2;1.0;8.0;0.0;
http://petrinet2/1.0;3.0;4.0;2.0;0.0;1.0;2.0;1.0;3.0;0.0;
http://www.visualization.snomed/dsl/VisualizationDsl;6.0;8.0;2.0;0.0;2.0;3.6;1.0;1.0;0.0;
platform:/resource/se.eskilson.vcproj/vcproj.xsd;16.0;24.0;29.0;0.0;3.0;14.4;1.0;1.0;0.0;
http:///emof.ecore;19.0;19.0;14.0;5.0;2.0;11.8;3.8947368;39.894737;0.63736266;
http://www.eclipse.org/mongoemf/SQLQuery;23.0;6.0;21.0;2.0;1.0;10.6;1.8695652;1.8695652;0.06896552;
urn:switchyard-config:validate:1.0;6.0;8.0;9.0;1.0;2.0;5.2;1.3333334;1.3333334;0.10526316;
http://com.github.funthomas424242/language/gedcoml;15.0;16.0;24.0;1.0;5.0;12.2;1.3333334;8.333333;0.16666667;
http://www.eclipse.org/xtext/example/gmf/Entities;8.0;6.0;4.0;1.0;1.0;4.0;1.5;4.5;0.375;
http://www.big.tuwien.ac.at/me/ws11/sooml;23.0;32.0;5.0;2.0;4.0;13.2;1.9130435;28.913044;0.3272727;
http://www.ustok.org/checklist/cfg/Checklist;3.0;3.0;5.0;0.0;1.0;2.4;1.0;1.0;0.0;
http://www.eclipse.org/dltk/tcl/activestatedebugger.ecore;7.0;1.0;6.0;2.0;1.0;3.4;1.8571428;1.8571428;0.46153846;
http://irit.fr/umlconfiguration;19.0;24.0;10.0;3.0;6.0;12.4;2.1578948;4.157895;0.24444444;
http://libraryinteractionmodel/1.0;11.0;16.0;13.0;0.0;5.0;9.0;1.0;11.0;0.0;
http://www.tadp.edu/firewall/Firewalll;6.0;3.0;6.0;1.0;2.0;3.6;1.3333334;1.3333334;0.0;
http://www.obeonetwork.org/dsl/requirement/1.0;4.0;9.0;12.0;1.0;1.0;5.4;1.75;19.75;0.125;
http://www.tid.es/cim;160.0;77.0;452.0;8.0;4.0;140.2;5.01875;67.01875;0.85979325;
lexer/1.0;9.0;1.0;18.0;2.0;1.0;6.2;1.5555556;1.5555556;0.4722222;
http://selfletbehavior/1.0;12.0;9.0;9.0;1.0;1.0;6.4;1.5;17.5;0.55;
http://www.puppetlabs.com/geppetto/1.0.0/PPTP;17.0;9.0;13.0;4.0;1.0;8.8;3.5882354;4.5882354;0.72839504;
http://www.bestsolution.at/efxclipse/tooling/decora/DecoraDsl;34.0;61.0;12.0;2.0;5.0;22.8;1.117647;1.117647;0.0;
http://www.kermeta.org/kmLogo;29.0;19.0;3.0;3.0;2.0;11.2;2.862069;9.862069;0.43589744;
http://www.eclipse.org/MoDisco/kdm;300.0;268.0;59.0;8.0;6.0;128.2;5.6466665;208.64667;0.92381173;
http://yucuk/1.0;2.0;1.0;2.0;0.0;1.0;1.2;1.0;2.0;0.0;
http://www.eclipse.org/etrice/core/etphys/ETPhys;8.0;12.0;19.0;0.0;2.0;8.2;1.0;3.0;0.0;
https://github.com/rasztasd/ofbiz-eclipse-project-explorer;41.0;52.0;38.0;5.0;1.0;27.4;2.707317;127.70731;0.67153287;
dk.itu.oclExamples;2.0;2.0;2.0;0.0;0.0;1.2;1.0;6.0;0.0;
http://www.eclipse.org/e4/tm/examples/library/lib.ecore;7.0;8.0;4.0;1.0;3.0;4.6;1.2857143;4.285714;0.14285715;
simple_metrics;2.0;1.0;3.0;0.0;1.0;1.4;1.0;1.0;0.0;
http://www.w3.org/1999/XSL/Format;57.0;420.0;7933.0;0.0;4.0;1682.8;1.0;1.0;0.0;
http://nam.ece.upatras.gr/broker;62.0;76.0;63.0;3.0;6.0;42.0;1.967742;55.967743;0.6117318;
http://master/exercise/PetriNet;5.0;4.0;3.0;1.0;1.0;2.8;1.4;3.4;0.22222222;
http://sigmax.nl/smp/sigmaxapp/1.0;9.0;6.0;14.0;1.0;2.0;6.4;1.5555556;7.5555553;0.5;
fr.irisa.testK3/AbstractUI;7.0;2.0;7.0;2.0;0.0;3.6;2.2857144;7.285714;0.4;
http://org.eclipse.jst.jsf.common.metadata/metadata.ecore;5.0;5.0;8.0;1.0;1.0;4.0;1.4;2.4;0.4347826;
http://data.internal.stem.eclipse.org/generatedplugin;4.0;3.0;26.0;0.0;2.0;7.0;1.0;1.0;0.0;
http://www.informatik.hu-berlin.de/sam/dbl;165.0;123.0;26.0;9.0;4.0;65.4;5.0848484;17.084848;0.72859746;
http://agentlab.ru/models/dsl15926/2012/08;13.0;25.0;7.0;3.0;2.0;10.0;1.9230769;45.923077;0.33333334;
http://www.omg.org/spec/ReqIF/20110401/reqif.xsd;48.0;53.0;32.0;4.0;3.0;28.0;2.8125;28.8125;0.6692607;
http://inf.mit.bme.hu/donat/incquery-deps/cp1model;7.0;7.0;9.0;1.0;3.0;5.4;1.5714285;3.5714285;0.2;
http://eclipse.org/emf/ecp/common/model/workspaceModel;2.0;4.0;0.0;0.0;2.0;1.6;1.0;8.0;0.0;
http://storedscript/1.0;5.0;7.0;5.0;1.0;1.0;3.8;1.2;17.2;0.25;
flow_diagrams_without_edge;3.0;3.0;2.0;1.0;1.0;2.0;1.3333334;7.3333335;0.2857143;
http://www.hishidama.jp/xtext/afw/flow_dsl/FlowDsl;12.0;12.0;20.0;1.0;2.0;9.4;1.1666666;4.1666665;0.05882353;
http://www.emftext.org/language/aterms;7.0;4.0;3.0;2.0;1.0;3.4;1.8571428;1.8571428;0.0;
http://www.eclipse.org/nebula.ecore;55.0;17.0;49.0;7.0;2.0;26.0;4.3454547;9.345455;0.86558044;
http://www.eclipselabs.org/socnet;3.0;4.0;3.0;0.0;1.0;2.2;1.0;7.0;0.0;
http://org/ai4fm/proofprocess/v1.0.0.10;16.0;21.0;7.0;1.0;3.0;9.6;1.25;4.25;0.125;
highway;11.0;13.0;14.0;1.0;3.0;8.4;1.4545455;9.454546;0.37209302;
http://irit.fr/visualdiagnostic;3.0;1.0;3.0;1.0;1.0;1.8;1.6666666;1.6666666;0.33333334;
http://remus-software.org/marketplace/daos;5.0;5.0;4.0;1.0;2.0;3.4;1.2;3.2;0.25;
http://www.w3.org/2002/xforms;13.0;15.0;6.0;1.0;3.0;7.6;1.2307693;1.2307693;0.125;
http://www.sdu.dk/mmmi/tjep/TJ;36.0;39.0;22.0;4.0;3.0;20.8;1.8888888;10.888889;0.2278481;
http://reuseware.org/coconut/office2;7.0;5.0;2.0;3.0;1.0;3.6;2.7142856;10.714286;0.5882353;
http:///org/generationcp/model/core/identification.ecore;68.0;96.0;37.0;5.0;4.0;42.0;3.6176472;146.61765;0.789557;
http://genericity/language/gcomponent/report;1.0;1.0;2.0;0.0;1.0;1.0;1.0;2.0;0.0;
http://org/eclipse/emf/ecp/scrum;8.0;3.0;13.0;1.0;1.0;5.2;1.625;3.625;0.57894737;
http:///buildingsmart.ifc.ecore;801.0;582.0;1472.0;9.0;5.0;573.8;4.6154804;1006.6155;0.7202016;
http://ompp.org/cdo;2.0;0.0;8.0;0.0;0.0;2.0;1.0;1.0;0.0;
http://www.sourcepit.org/common/modeling/0.1;7.0;9.0;5.0;2.0;1.0;4.8;1.4285715;7.4285717;0.1764706;
http://webpage/1.0;4.0;3.0;11.0;0.0;3.0;4.2;1.0;1.0;0.0;
http://www.eclipse.org/modeling/pushbuttonbuild/1.0.0;3.0;5.0;10.0;0.0;1.0;3.8;1.0;1.0;0.0;
http://www.eclipse.org/emf/compare/epatch/0.1;14.0;17.0;19.0;2.0;3.0;11.0;1.7142857;7.714286;0.25;
http://maven.apache.org/METADATA/1.0.0;4.0;5.0;8.0;0.0;2.0;3.8;1.0;1.0;0.0;
http://www.emftext.org/language/pico;15.0;17.0;7.0;1.0;2.0;8.4;1.6666666;3.6666665;0.0;
http://org.ow2.mindEd/ide.ecore/0.2.0;15.0;18.0;15.0;3.0;1.0;10.4;2.4;42.4;0.6886792;
http://www.eclipse.org/emf/compare/match/1.1;7.0;13.0;6.0;2.0;2.0;6.0;1.4285715;9.428572;0.24;
http://www.transformr.org;24.0;20.0;3.0;4.0;2.0;10.6;2.5416667;11.541667;0.5576923;
http://www.xtext.org/example/iptables/Iptables;14.0;12.0;18.0;1.0;2.0;9.4;1.1428572;2.142857;0.0;
http://genericity/examples/simpleImperative;6.0;5.0;1.0;2.0;2.0;3.2;1.8333334;2.8333335;0.0;
http:///org/equinoxosgi/toast/backend/data.ecore;7.0;12.0;25.0;0.0;2.0;9.2;1.0;8.0;0.0;
http://www.eclipse.org/emf/teneo/samples/emf/annotations/edatatype_column;1.0;0.0;4.0;0.0;0.0;1.0;1.0;1.0;0.0;
https://github.com/hannesN/storynotes;13.0;3.0;28.0;2.0;3.0;9.8;2.4615386;2.4615386;0.42592594;
deploymentModels;5.0;6.0;5.0;0.0;1.0;3.4;1.0;7.0;0.0;
http:///datamining.ecore;204.0;315.0;197.0;7.0;2.0;145.0;4.848039;835.848;0.90518516;
http://b3backend/1.0;100.0;87.0;57.0;5.0;3.0;50.4;2.7;29.7;0.54285717;
http://www.rogueai.com/janki/html;59.0;14.0;98.0;4.0;0.0;35.0;2.3728814;37.37288;0.6042403;
http:///org/eclipse/jst/ws/internal/cxf/core/model.ecore;7.0;0.0;71.0;3.0;0.0;16.2;2.2857144;2.2857144;0.62032086;
http:///thirdstage/message/meta.ecore;3.0;2.0;7.0;0.0;2.0;2.8;1.0;1.0;0.0;
http://cfg/1.0;5.0;8.0;1.0;1.0;2.0;3.4;1.4;15.4;0.47058824;
http:///org/isistan/flabot/launcher/filter/filtermodel.ecore;1.0;0.0;1.0;0.0;0.0;0.4;1.0;1.0;0.0;
platform:/resource/qa/model/qa.ecore;13.0;8.0;12.0;2.0;2.0;7.4;1.7692307;7.769231;0.3939394;
http://www.emftext.org/language/formular;10.0;6.0;7.0;1.0;3.0;5.4;1.5;2.5;0.0;
http://www.hishidama.jp/xtext/afw/batch_dsl/BatchDsl;6.0;6.0;12.0;0.0;1.0;5.0;1.0;2.0;0.0;
http://www.eclipse.org/etrice/Room;82.0;126.0;40.0;4.0;6.0;51.6;2.0731707;33.07317;0.4216028;
http://www.xtext.org/example/rmodp/RmOdp;63.0;100.0;67.0;2.0;4.0;47.2;1.4285715;37.42857;0.07734807;
EntityTG;7.0;4.0;3.0;1.0;2.0;3.4;1.5714285;3.5714285;0.36363637;
http:///buildingsmart.ifc.ecore;798.0;581.0;1466.0;9.0;5.0;571.8;4.6177945;1005.6178;0.7206986;
http://www.eclipse.org/papyurs/0.7.0/Resource;2.0;1.0;0.0;1.0;1.0;1.0;1.5;1.5;0.0;
http://www.openapplications.org/oagis/9/codelists;0.0;0.0;0.0;0.0;0.0;0.0;NaN;NaN;NaN;
http://soamodel/1.0;19.0;21.0;16.0;1.0;5.0;12.4;1.5789474;25.578947;0.525641;
http://ocl.eclipse.org/tutorial/eclipsecon2011/OCLStates;7.0;8.0;8.0;1.0;2.0;5.2;1.2857143;5.285714;0.33333334;
http://automotive-his.de/200706/rif;84.0;110.0;223.0;0.0;6.0;84.6;1.0;1.0;0.0;
jobtool;4.0;6.0;20.0;1.0;1.0;6.4;1.25;13.25;0.10344828;
http://www.jboss.org/tools/web/jsoneditor/JSON;11.0;5.0;2.0;1.0;3.0;4.4;1.4545455;1.4545455;0.41666666;
http://www.eclipse.org/dltk/launching.ecore;2.0;1.0;7.0;0.0;1.0;2.2;1.0;1.0;0.0;
http:///org/wso2/carbonstudio/eclipse/ds;25.0;30.0;67.0;0.0;2.0;24.8;1.0;1.0;0.0;
http://www.jboss.org/drools/epn/MODEL;34.0;45.0;46.0;5.0;2.0;26.4;2.9117646;2.9117646;0.5539216;
http://callisto.blizzart.net/redmine/projects/ccu-lbe#editor;5.0;3.0;9.0;1.0;1.0;3.8;1.4;1.4;0.4;
http://www.ubicompforall.org/descriptor;13.0;4.0;15.0;4.0;2.0;7.6;2.9230769;3.9230769;0.6935484;
http://www.xtext.org/rollercoaster/dsl/Coaster;6.0;4.0;17.0;0.0;2.0;5.8;1.0;1.0;0.0;
apromore;19.0;7.0;10.0;3.0;2.0;8.2;2.8947368;5.894737;0.7258065;
http://www.clinigrid.org/Capillary/2011/Transformation/Extensions;6.0;0.0;0.0;1.0;0.0;1.4;1.3333334;1.3333334;NaN;
http://www.amcl.tuc.gr/aseme/metamodels/SUC;5.0;5.0;3.0;1.0;1.0;3.0;1.4;8.4;0.33333334;
fl;9.0;12.0;7.0;1.0;2.0;6.2;1.5555556;1.5555556;0.0;
miniJava/1.0;20.0;19.0;7.0;1.0;1.0;9.6;1.75;1.75;0.0;
http://kieler.cs.cau.de/2011-07-25/ServiceData/1.0;9.0;11.0;26.0;0.0;4.0;10.0;1.0;4.0;0.0;
http://www.eclipse.org/emf/2003/XMLType;4.0;4.0;11.0;1.0;1.0;4.2;1.25;2.25;0.16666667;
http://org.github.kw3r.spox.jotify;15.0;6.0;14.0;1.0;1.0;7.4;1.1333333;7.133333;0.0;
http://www.femto-st.fr/disc/problem;1.0;0.0;3.0;0.0;0.0;0.8;1.0;1.0;0.0;
http://statemachine_mk2/1.0;7.0;14.0;3.0;1.0;2.0;5.4;1.4285715;18.428572;0.34615386;
http://www.dawsonsystems.com/Swift;1.0;0.0;1.0;0.0;0.0;0.4;1.0;1.0;0.0;
http://www.eclipse.org/gmf/2005/ToolDefinition;26.0;12.0;16.0;3.0;2.0;11.8;2.0384614;6.0384617;0.5882353;
http://de.broicher.factorgraph.graphEditor;7.0;7.0;11.0;2.0;1.0;5.6;2.0;6.0;0.28;
http://thingml;78.0;90.0;14.0;5.0;7.0;38.8;2.897436;49.897438;0.5755102;
http://entidades/1.0;2.0;2.0;10.0;0.0;1.0;3.0;1.0;3.0;0.0;
cep.meta;17.0;21.0;16.0;1.0;4.0;11.8;1.2941177;29.294117;0.39344263;
http:///RobotMLLibraries.ecore;85.0;93.0;175.0;0.0;3.0;71.2;1.0;1.0;0.0;
http://www.eclipse.org/xtext/example/Knapsack;2.0;2.0;6.0;0.0;1.0;2.2;1.0;1.0;0.0;
http://www.applause.org/applausedsl/ApplauseDsl;43.0;49.0;17.0;3.0;4.0;23.2;2.1162791;8.11628;0.19512194;
http:///org/jboss/tools/seam/ui/pages/editor/ecore/pages.ecore;6.0;6.0;10.0;1.0;0.0;4.6;1.6666666;19.666668;0.6666667;
http://www.eclipse.org/e4/tm.ecore;49.0;15.0;42.0;7.0;2.0;23.0;4.265306;9.265306;0.8649289;
log;112.0;138.0;213.0;2.0;5.0;94.0;1.5625;243.5625;0.3184466;
http://eclectic.org/frontend/koanL;14.0;6.0;0.0;3.0;1.0;4.8;1.5;1.5;0.14285715;
http://schemas.microsoft.com/visio/2003/core;497.0;568.0;291.0;1.0;2.0;271.8;1.77666;1.77666;0.6959292;
http://schemas.microsoft.com/project;50.0;256.0;429.0;0.0;4.0;147.8;1.0;1.0;0.0;
http://www.bestsolution.at/efxclipse/tooling/svgpath/SvgPath;33.0;40.0;5.0;2.0;5.0;17.0;1.3636364;1.3636364;0.0;
http://www.efxclipse.org/rrobot/task/1.0;17.0;12.0;17.0;3.0;3.0;10.4;2.2941177;4.294118;0.38297874;
http://releng/1.0;6.0;8.0;8.0;1.0;2.0;5.0;1.1666666;8.166666;0.05882353;
runway;27.0;2.0;35.0;5.0;1.0;14.0;3.1851852;3.1851852;0.8238095;
http://statechart/1.0;4.0;8.0;9.0;0.0;2.0;4.6;1.0;9.0;0.0;
http://www.example.org/loadcurve;3.0;4.0;7.0;0.0;1.0;3.0;1.0;1.0;0.0;
http://www.tu-dresden.de/ocl20/pivot/2011/tracermodel;2.0;4.0;3.0;0.0;2.0;2.2;1.0;5.0;0.0;
http://joomla.org/schema/extension-manifest;17.0;18.0;32.0;1.0;3.0;14.2;1.5294118;3.5294118;0.2647059;
urn:jbpm.org:jpdl-3.2;30.0;136.0;136.0;1.0;2.0;61.0;1.0333333;1.0333333;0.014492754;
http://www.eclipse.org/hyades/schema/ProcessUnit.xsd;3.0;4.0;6.0;0.0;1.0;2.8;1.0;1.0;0.0;
http://contacts/1.0;2.0;2.0;19.0;0.0;1.0;4.8;1.0;1.0;0.0;
http://eclipselabs.org/mlang/common;10.0;2.0;3.0;5.0;1.0;4.2;3.4;4.4;0.7619048;
http://www.emftext.org/language/regexp;15.0;5.0;5.0;3.0;3.0;6.2;2.0666666;2.0666666;0.16666667;
http://series.examples.org;1.0;0.0;2.0;0.0;0.0;0.6;1.0;1.0;0.0;
http://www.emftext.org/language/primitivetypes;7.0;0.0;7.0;0.0;0.0;2.8;1.0;1.0;0.0;
http://www.xtext.org/example/index/greetings/Greetings;4.0;3.0;1.0;1.0;1.0;2.0;1.5;3.5;0.0;
http://webshop_builder_3k_model/1.0;29.0;26.0;25.0;1.0;4.0;17.0;1.3103448;21.310345;0.46875;
http://www.oasis-open.org/relaxng;23.0;26.0;10.0;6.0;2.0;13.4;2.3913043;2.3913043;0.35714287;
http://todolistdiag/1.0;4.0;8.0;7.0;0.0;1.0;4.0;1.0;13.0;0.0;
http://www.psi.ch/sics/hipadaba;5.0;7.0;7.0;0.0;2.0;4.2;1.0;1.0;0.0;
http://eclipselabs.org/emf4sw/person;1.0;1.0;1.0;0.0;0.0;0.6;1.0;2.0;0.0;
http://www.urban.urban;24.0;33.0;21.0;1.0;5.0;16.8;1.0416666;3.0416665;0.0;
http://sca.jpeojtrs.mil/profile;2.0;3.0;3.0;0.0;1.0;1.8;1.0;1.0;0.0;
lit_petriNets;6.0;14.0;2.0;1.0;0.0;4.6;1.3333334;40.333336;0.11111111;
http://www.emftext.org/language/petrinet;10.0;5.0;4.0;2.0;1.0;4.4;1.8;3.8;0.18181819;
http://www.bluexml.com/rwm/diagnostic/1.0/;2.0;1.0;4.0;0.0;1.0;1.6;1.0;1.0;0.0;
http://www.daisy.org/z3986/2005/ncx/;18.0;36.0;51.0;0.0;2.0;21.4;1.0;1.0;0.0;
http://newmm;6.0;10.0;1.0;1.0;2.0;4.0;1.5;15.5;0.21428572;
http://techno/1.0;58.0;55.0;59.0;1.0;5.0;35.6;1.1724138;12.172414;0.14925373;
http://irit.fr/gxl;5.0;3.0;2.0;2.0;2.0;2.8;2.0;2.0;0.5;
http://cor;13.0;23.0;8.0;0.0;3.0;9.4;1.0;17.0;0.0;
http://devtool.sourceforge.net/language/svgd;11.0;10.0;19.0;2.0;2.0;8.8;1.8181819;3.818182;0.14705883;
http://funthomas424242.github.com/rades/evm;16.0;12.0;12.0;2.0;3.0;9.0;1.8125;3.8125;0.3846154;
http://prisma.cos.ufrj.br/processreuseminer;5.0;6.0;10.0;0.0;2.0;4.6;1.0;2.0;0.0;
http://dependency-graph/1.0;9.0;13.0;21.0;2.0;1.0;9.2;2.3333333;30.333334;0.43333334;
http://zanshin.disi.unitn.it/1.0/core;19.0;17.0;15.0;4.0;3.0;11.6;2.7894738;38.789474;0.54285717;
SATEL;115.0;130.0;17.0;2.0;8.0;54.4;1.8782609;20.878262;0.11445783;
http://www.emftext.org/language/simpleGraph;8.0;8.0;7.0;2.0;2.0;5.4;2.125;10.125;0.61538464;
http://www.flower-platform.com/xmi/notation_1.0.0;10.0;8.0;13.0;3.0;2.0;7.2;2.8;15.8;0.70422536;
http://state.modulob.dubmas.de/1.0;58.0;58.0;34.0;2.0;4.0;31.2;1.9137931;25.913794;0.5183246;
http://big.tuwien.ac.at/smartmatcher/ui/gmf/sm_mm1;12.0;26.0;7.0;2.0;2.0;9.8;1.9166666;31.916668;0.53521127;
http://www.openxma.org/dsl/core/CoreDsl;50.0;43.0;39.0;4.0;5.0;28.2;1.92;10.92;0.28695652;
http://org.feature.multi.perspective.model/schema/1.0;7.0;7.0;1.0;2.0;1.0;3.6;1.8571428;12.857142;0.5;
http://www.correttouml.org/grammars/BooleanExpressions;7.0;9.0;9.0;1.0;1.0;5.4;1.4285715;1.4285715;0.0;
http://eclectic.org/frontend/patL;15.0;9.0;2.0;3.0;3.0;6.4;1.8;3.8;0.26666668;
http:///org/eclipse/emf/examples/library/extlibrary.ecore/1.0.0;14.0;17.0;15.0;4.0;1.0;10.2;2.7857144;24.785713;0.50769234;
platform:/resource/fr.irisa.triskell.kermeta.samples/class2RDBMS/metamodels/RDBMSMM.ecore;4.0;6.0;3.0;0.0;2.0;3.0;1.0;4.0;0.0;
platform:/resource/mddProject_AbstractSyntax/model/jdsl.ecore;8.0;5.0;17.0;1.0;1.0;6.4;1.875;1.875;0.2413793;
http:///school.ecore;7.0;16.0;9.0;1.0;1.0;6.8;1.1428572;40.142857;0.16666667;
http://uam.es/PetriNets;4.0;8.0;1.0;1.0;0.0;2.8;1.5;23.5;0.18181819;
http://www.eyal.fr/android;10.0;18.0;28.0;3.0;3.0;12.4;1.8;8.8;0.54901963;
http://system.modulob.dubmas.de/1.0;49.0;49.0;29.0;2.0;4.0;26.6;1.9795918;20.979591;0.5272727;
http://www.xconfig.org/Xconfig;4.0;3.0;3.0;0.0;3.0;2.6;1.0;1.0;0.0;
http://torusfw.org/org.torusfw.docbuilder.core/docbuilder.ecore;6.0;6.0;9.0;1.0;0.0;4.4;1.3333334;16.333332;0.21052632;
http://org/eclipse/emf/emfstore/fuzzy/config;5.0;6.0;12.0;0.0;2.0;5.0;1.0;2.0;0.0;
http://openscada.org/prototype/spreadsheet;1.0;0.0;3.0;0.0;0.0;0.8;1.0;1.0;0.0;
http://cdr.unc.edu/definitions/acl;3.0;4.0;7.0;0.0;1.0;3.0;1.0;1.0;0.0;
http:///org/eclipse/tigerstripe/annotation/ui/example/entityNote.ecore;1.0;0.0;1.0;0.0;0.0;0.4;1.0;1.0;0.0;
platform:/resource/org.eclipse.etrice.etunit.converter/model/etunit.xsd;7.0;8.0;17.0;1.0;2.0;7.0;1.1428572;1.1428572;0.24242425;
http://www.eclipse.org/xtext/common/JavaVMTypes;51.0;33.0;28.0;7.0;2.0;24.2;2.9803922;36.980392;0.6514286;
http://www.xtext.org/example/mydsl/Insurance;2.0;2.0;7.0;0.0;1.0;2.4;1.0;2.0;0.0;
http:///com/ibm/uma/edit/tng/util/model.ecore;2.0;1.0;4.0;0.0;1.0;1.6;1.0;1.0;0.0;
http://www.github.com/funthomas424242/language/rezept;33.0;23.0;52.0;1.0;3.0;22.4;1.3636364;4.3636365;0.03846154;
http://www.emftext.org/language/tcltk;22.0;38.0;3.0;2.0;2.0;13.4;1.9090909;2.909091;0.0;
http://AccessControl/1.0;5.0;4.0;5.0;0.0;4.0;3.6;1.0;1.0;0.0;
http://camel.apache.org/schema/spring;187.0;881.0;467.0;4.0;2.0;308.2;2.9251337;2.9251337;0.67588365;
http://www.xtext.org/bhdrkn/Fouroperation;7.0;2.0;3.0;1.0;2.0;3.0;1.5714285;1.5714285;0.61538464;
http://org.eclipse.jst.jsf.facelet.core/faceletTaglib_1_0;10.0;2.0;12.0;2.0;1.0;5.4;2.0;4.0;0.36363637;
http://network/1.0;4.0;9.0;5.0;0.0;2.0;4.0;1.0;7.0;0.0;
http://www.w3.org/2005/08/addressing;9.0;20.0;19.0;0.0;1.0;9.8;1.0;1.0;0.0;
http://www.eclipse.org/gmf/2006/GraphicalDefinition;67.0;51.0;65.0;8.0;4.0;39.0;3.164179;24.164179;0.77692306;
http://www.neclipse.org/xtext/objectdsl/ObjectDsl;8.0;7.0;4.0;1.0;3.0;4.6;1.125;2.125;0.0;
http://klaper.sourceforge.net/metamodels/q4bpmn/1.0;3.0;2.0;8.0;1.0;2.0;3.2;1.3333334;2.3333335;0.09090909;
http://www.tools.skysail/eclipse/DependenciesDsl;2.0;1.0;7.0;0.0;1.0;2.2;1.0;1.0;0.0;
http://www.bonitasoft.org/ns/connector/implementation/6.0;4.0;4.0;9.0;1.0;1.0;3.8;1.25;1.25;0.3809524;
http://www.eclipse.org/emf/teneo/samples/emf/annotations/toone;4.0;4.0;3.0;0.0;1.0;2.4;1.0;9.0;0.0;
http://www.osate.org/org/osate/ocarina/real/xtext/REAL;22.0;33.0;23.0;1.0;4.0;16.6;1.0454545;1.0454545;0.050847456;
http:///org/eclipse/bpel/ui/uiextensionmodel.ecore;13.0;0.0;16.0;0.0;0.0;5.8;1.0;1.0;0.0;
http://www.marcotinacci.unifi/thesis/seal/Seal;31.0;52.0;11.0;1.0;4.0;19.8;1.6129032;11.612904;0.0;
www.chw-thesis-WS09.de;6.0;4.0;6.0;2.0;1.0;3.8;1.8333334;1.8333334;0.47368422;
http://mgraph/1.1;3.0;8.0;3.0;0.0;0.0;2.8;1.0;23.0;0.0;
http://www.eclipse.org/papyrus/properties/fieldSelection;3.0;4.0;4.0;0.0;1.0;2.4;1.0;1.0;0.0;
http://nemo.inf.ufes.br/ontouml/refontouml;79.0;80.0;42.0;13.0;4.0;43.6;8.962026;147.96204;0.93638813;
http://www.scribble.org/Scribble;17.0;14.0;28.0;1.0;2.0;12.4;1.4705882;1.4705882;0.0;
http://openscada.org/Deploy/Configurator;12.0;7.0;4.0;3.0;1.0;5.4;2.25;6.25;0.5416667;
http:///orgomg.ecore;183.0;289.0;170.0;7.0;2.0;130.2;4.6775956;762.6776;0.90079963;
http://www.eclipse.org/emf/teneo/samples/emf/annotations/lob;1.0;0.0;4.0;0.0;0.0;1.0;1.0;1.0;0.0;
http://modembed.hu/;73.0;79.0;38.0;4.0;4.0;39.6;2.8493152;28.849316;0.6507463;
http:///mil/jpeojtrs/sca/cf.ecore;44.0;0.0;0.0;21.0;0.0;13.0;6.181818;6.181818;NaN;
http://kermeta.org/sample/class2rdbms/ClassMM.ecore;6.0;7.0;5.0;1.0;3.0;4.4;1.3333334;5.3333335;0.14285715;
http://ludomodel/1.0;7.0;10.0;2.0;1.0;1.0;4.2;1.7142857;22.714285;0.29411766;
http://www.enseeiht.fr/PDL1;5.0;3.0;4.0;1.0;1.0;2.8;1.6;3.6;0.0;
http://eclipse.org/mylyn/models/build;26.0;29.0;68.0;1.0;2.0;25.2;1.5384616;32.53846;0.37820512;
cs.nju.edu.cn;15.0;16.0;12.0;4.0;2.0;9.8;2.9333334;42.933334;0.81935483;
http://www.eclipse.org/emf/teneo/samples/emf/annotations/associationoverride;4.0;1.0;6.0;1.0;1.0;2.6;1.5;1.5;0.46153846;
http://www.obeo.fr/dsl/version;4.0;6.0;5.0;0.0;1.0;3.2;1.0;4.0;0.0;
http://www.emftext.org/language/ube;6.0;3.0;3.0;2.0;2.0;3.2;2.0;3.0;0.4;
http://www.emftext.org/language/lambdacalculus;8.0;6.0;1.0;1.0;1.0;3.4;1.625;2.625;0.22222222;
http://fuse.com/tools/message;5.0;7.0;9.0;0.0;2.0;4.6;1.0;1.0;0.0;
http://eclipse.org/mylyn/reviews/core/1.0;21.0;37.0;35.0;3.0;2.0;19.6;1.8095238;36.809525;0.43307087;
hExample_1_RHS;2.0;1.0;1.0;0.0;1.0;1.0;1.0;2.0;0.0;
http://www.onair.fr/dsl/safety/Altarica;72.0;83.0;12.0;4.0;4.0;35.0;2.3194444;10.319445;0.23387097;
http://www.ExprDemo.expr;51.0;62.0;9.0;5.0;4.0;26.2;2.862745;5.8627453;0.38793105;
http://www.emftext.org/language/simplemath;8.0;8.0;6.0;1.0;1.0;4.8;1.875;1.875;0.33333334;
http://www.emftext.org/language/UseCaseInvariant;5.0;6.0;5.0;1.0;0.0;3.4;1.4;16.4;0.42105263;
www.chw-thesis-WS09.de/metaphor;6.0;5.0;14.0;2.0;1.0;5.6;2.1666667;11.166667;0.6415094;
http://www.eclipse.org/Java5;97.0;152.0;39.0;5.0;3.0;59.2;3.2886598;83.28866;0.4315476;
http://www.eclipselabs.org/emftriple/result;3.0;2.0;0.0;1.0;1.0;1.4;1.6666666;1.6666666;0.0;
http://www.earthsystemcurator.org/nuopc;18.0;27.0;51.0;0.0;1.0;19.4;1.0;51.0;0.0;
http://sitac/1.0;33.0;26.0;36.0;4.0;3.0;20.4;1.9090909;12.909091;0.34736842;
http://eclectic.org/streamdesc;8.0;8.0;9.0;1.0;1.0;5.4;1.375;5.375;0.15;
http://www.eclipse.org/emf/teneo/samples/emf/annotations/secondarytablehibernate;1.0;0.0;4.0;0.0;0.0;1.0;1.0;1.0;0.0;
http://www.emftext.org/language/simplegui;7.0;2.0;2.0;2.0;0.0;2.6;2.142857;7.142857;0.7777778;
http:///org.eclipse.emf.test.models/Customer;7.0;6.0;15.0;1.0;2.0;6.2;1.2857143;1.2857143;0.16;
http://melanee.org/PLM;25.0;23.0;33.0;5.0;2.0;17.6;3.24;18.24;0.6923077;
xmas;7.0;8.0;8.0;1.0;1.0;5.0;1.4285715;18.428572;0.15789473;
StaticScript.espringe;90.0;71.0;5.0;4.0;3.0;34.6;2.4777777;5.4777775;0.2;
http://www.eclipse.org/emf/2011/101companies;3.0;4.0;7.0;0.0;2.0;3.2;1.0;1.0;0.0;
http://www.amcl.tuc.gr/aseme/metamodels/SRM;4.0;6.0;5.0;0.0;1.0;3.2;1.0;4.0;0.0;
http://www.collectionspro.eu/jam/mm;27.0;39.0;8.0;5.0;2.0;16.2;2.6666667;58.666664;0.3561644;
http://www.itu.dk/ecdar/text/EcdarText;89.0;131.0;23.0;2.0;4.0;49.8;1.7865169;6.786517;0.025316456;
http://www.osgi.org/xmlns/scr/v1.1.0;7.0;6.0;25.0;0.0;1.0;7.8;1.0;1.0;0.0;
http://www.eclipse.org/sketch;2.0;1.0;7.0;0.0;1.0;2.2;1.0;1.0;0.0;
http://www.unidue.de/ecg/dialogScript/DialogScript;33.0;42.0;28.0;3.0;5.0;22.2;1.3333334;8.333333;0.04109589;
http://www.kermeta.org/kermeta/2_1_0/;91.0;123.0;52.0;7.0;5.0;55.6;4.285714;116.28571;0.7073579;
http://eclectic.org/frontend/scriptL;11.0;1.0;0.0;1.0;1.0;2.8;1.0909091;1.0909091;0.0;
http://eclectic.org/apidesc;23.0;18.0;24.0;2.0;2.0;13.8;1.7391304;5.7391305;0.4;
OO_concept;16.0;12.0;3.0;5.0;2.0;7.6;2.8125;12.8125;0.7413793;
http://www.thalesgroup.com/openflexo/emf/model/city2;5.0;2.0;5.0;1.0;1.0;2.8;1.4;1.4;0.22222222;
http://org/ai4fm/proofprocess/v1.0.0.11;16.0;21.0;8.0;1.0;3.0;9.8;1.25;4.25;0.121212125;
aspectualacme;15.0;14.0;5.0;2.0;2.0;7.6;2.0;11.0;0.55813956;
http://www.csail.org/genesis/Genesis;9.0;8.0;4.0;1.0;3.0;5.0;1.3333334;1.3333334;0.2;
http://www.ai.sri.com/AML;39.0;124.0;141.0;0.0;3.0;61.4;1.0;1.0;0.0;
http://model.shared.league.poker.fhsoft.cz/v1;16.0;20.0;42.0;3.0;1.0;16.4;2.8125;43.8125;0.38613862;
http://www.example.org/InfoSystem;5.0;0.0;23.0;0.0;0.0;5.6;1.0;1.0;0.0;
http://www.eclipse.org/amp/amf/abase/ABase;5.0;0.0;4.0;1.0;0.0;2.0;1.8;1.8;0.0;
http://spray.eclipselabs.org/examples/Erdiagram;18.0;13.0;13.0;2.0;1.0;9.4;2.2777777;14.277778;0.21212122;
http:///org/eclipse/wst/xml/vex/core/internal/validator.ecore;0.0;0.0;0.0;0.0;0.0;0.0;NaN;NaN;NaN;
platform:/resource/Collaviz/model/Collaviz/collaviz.ecore;13.0;15.0;14.0;3.0;3.0;9.6;2.2307692;10.230769;0.61333334;
org.amma.dsl.jdt.core;116.0;179.0;71.0;4.0;3.0;74.6;2.8965516;17.896551;0.44812363;
http://die/1.0;5.0;4.0;7.0;0.0;2.0;3.6;1.0;1.0;0.0;
http://www.eclipse.org/hyades/schema/Sensor.xsd;9.0;8.0;19.0;1.0;1.0;7.6;1.4444444;1.4444444;0.20588236;
http://www.xtypes.it/example/fj/FJ;22.0;21.0;8.0;3.0;3.0;11.4;2.1818182;9.181818;0.121212125;
http://www.opengis.net/wcs;83.0;145.0;147.0;5.0;6.0;77.2;1.9277109;1.9277109;0.36933047;
http://emfgenbug/1.0;3.0;0.0;0.0;0.0;0.0;0.6;1.0;1.0;NaN;
http://OpenCMS/1.0;27.0;4.0;11.0;1.0;2.0;9.0;1.8148148;1.8148148;0.7457627;
https://github.com/moonpower/bundle-properties-editor.git;8.0;9.0;9.0;1.0;2.0;5.8;1.375;3.375;0.4;
http://www.emftext.org/language/threevaluedlogic;6.0;4.0;2.0;1.0;1.0;2.8;1.8333334;1.8333334;0.45454547;
http://irit.fr/timeline;8.0;1.0;7.0;1.0;1.0;3.6;1.625;1.625;0.11111111;
http://knowledge/1.0;8.0;5.0;4.0;2.0;1.0;4.0;1.875;3.875;0.5263158;
http://www.esito.no/no/esito/genova/appmodel.ecore;5.0;6.0;6.0;0.0;2.0;3.8;1.0;2.0;0.0;
http://www.emftext.org/functions;7.0;8.0;7.0;2.0;1.0;5.0;2.2857144;11.285714;0.44444445;
http://www.eclipse.org/emf/teneo/samples/emf/annotations/transent;2.0;1.0;2.0;0.0;1.0;1.2;1.0;1.0;0.0;
http://www.eclipse.org/papyrus/properties/uml/languagePreferences;3.0;4.0;2.0;0.0;2.0;2.2;1.0;3.0;0.0;
http://emftext.org/n3_turtle;28.0;16.0;4.0;3.0;2.0;10.6;2.4285715;2.4285715;0.0;
http://bibtexml.sf.net/;18.0;33.0;227.0;1.0;1.0;56.0;1.0555556;1.0555556;0.05109489;
http://inf.mit.bme.hu/donat/incquery-deps/cp3model;7.0;10.0;3.0;1.0;2.0;4.6;1.5714285;21.571428;0.3809524;
http://www.openapplications.org/oagis/9/unqualifieddatatypes/1.1;12.0;0.0;59.0;0.0;0.0;14.2;1.0;1.0;0.0;
http://art;42.0;38.0;17.0;4.0;6.0;21.4;2.6904762;31.690475;0.54545456;
http://www.emftext.org/language/pl0;25.0;27.0;9.0;1.0;2.0;12.8;1.56;10.559999;0.1;
dk.itu.oclExamples;3.0;4.0;2.0;0.0;0.0;1.8;1.0;11.0;0.0;
http://CellAutomata.istic.fr/DataType;0.0;0.0;0.0;0.0;0.0;0.0;NaN;NaN;NaN;
http://www.bonitasoft.org/studio/condition/ConditionModel;17.0;5.0;4.0;1.0;1.0;5.6;1.7647059;2.764706;0.6086956;
http://www.eclipse.org/projects/xml/iplog;9.0;12.0;32.0;0.0;1.0;10.8;1.0;1.0;0.0;
http://iec.ch/TC57/2009/CIM-schema-cim14?profile=http://iec.ch/TC57/2007/profile;61.0;70.0;167.0;7.0;0.0;61.0;4.377049;214.37704;0.7077682;
urn:es.um.ssdd.uForth;6.0;3.0;4.0;1.0;1.0;3.0;1.5;1.5;0.0;
http:///org/eclipse/tigerstripe/dependencies.ecore;11.0;16.0;19.0;1.0;2.0;9.8;1.1818181;12.181818;0.2857143;
http://www.example.org/build/hello/Hello;2.0;1.0;1.0;0.0;1.0;1.0;1.0;1.0;0.0;
http://LexGrid.org/schema/2009/01/LexGrid/builtins;1.0;0.0;2.0;0.0;0.0;0.6;1.0;1.0;0.0;
http://Trust/1.0;4.0;3.0;4.0;0.0;3.0;2.8;1.0;1.0;0.0;
http://metaabm.org/structure;89.0;62.0;49.0;7.0;2.0;41.8;4.9101124;100.91011;0.87343216;
http://www.postfinance.ch/zvis/oot/enumliterals2/Enumliterals2;2.0;1.0;5.0;0.0;1.0;1.8;1.0;1.0;0.0;
platform:/resource/Thesis%20EMF/model/powrmart.xsd;94.0;256.0;500.0;1.0;5.0;171.2;1.0106384;1.0106384;0.001321004;
http://www.acml.tuc.gr/aseme/metamodels/AIP;3.0;3.0;5.0;0.0;1.0;2.4;1.0;2.0;0.0;
http:///org/eclipse/dltk/tcl/ast.ecore;24.0;21.0;34.0;3.0;2.0;16.8;2.0;7.0;0.375;
http://eclipselabs.org/mlang/js;4.0;4.0;2.0;3.0;1.0;2.8;1.75;7.75;0.4;
http://deftproject.org/parametercheck;8.0;9.0;9.0;1.0;2.0;5.8;1.25;12.25;0.0;
http://modembed.hu/;34.0;24.0;11.0;5.0;4.0;15.6;3.7058823;13.705882;0.5138889;
http://www.soluvas.org/schema/newsletter/1.1;1.0;0.0;3.0;0.0;0.0;0.8;1.0;1.0;0.0;
http://automotive-his.de/200706/rif;40.0;48.0;32.0;3.0;3.0;25.2;2.775;34.775;0.6475771;
http://www.obeo.fr/performance/1.0.0;9.0;7.0;8.0;1.0;1.0;5.2;1.3333334;1.3333334;0.16666667;
http://www.xtext.org/AthenaDSL;44.0;55.0;60.0;2.0;5.0;33.2;1.3863636;24.386364;0.08730159;
platform:/resource/www-modeling-mdt-ocl/docs/publications/EclipseOMG2012/ABC.oclinecore;3.0;0.0;0.0;2.0;0.0;1.0;2.0;2.0;NaN;
uml_20_to_21_triggersToEvents;9.0;4.0;0.0;1.0;3.0;3.4;1.5555556;2.5555556;0.0;
http://www.istic.fr/idm/cellularautomata/vm;2.0;2.0;0.0;0.0;1.0;1.0;1.0;1.0;0.0;
http://www.amcl.tuc.gr/aseme/metamodels/SAG;3.0;5.0;3.0;0.0;2.0;2.6;1.0;8.0;0.0;
http://www.eclipse.org/examples/gmf/taipan_original;14.0;15.0;9.0;1.0;4.0;8.6;1.5714285;13.571428;0.25;
http://torusfw.org/xpl/manager.ecore;5.0;3.0;9.0;1.0;1.0;3.8;1.2;4.2;0.2;
http://www.fluxit.com.ar/jqa/schema/rulescontext;21.0;13.0;12.0;2.0;2.0;10.0;2.142857;2.142857;0.41860464;
http://BlankModel/LRBAC;10.0;22.0;9.0;1.0;0.0;8.4;1.3;67.3;0.0882353;
http:///org/isistan/flabot/coremodel.ecore;57.0;114.0;48.0;8.0;6.0;46.6;2.877193;128.8772;0.4723127;
http://model/1.0;2.0;1.0;5.0;0.0;1.0;1.8;1.0;1.0;0.0;
http://plamodel/1.0;20.0;18.0;14.0;2.0;2.0;11.2;1.85;14.85;0.15789473;
http://www.soyatec.com/TSC/CMEngine;21.0;54.0;13.0;1.0;4.0;18.6;1.3333334;95.33333;0.27173913;
http://diagramaclases/1.0;7.0;9.0;9.0;1.0;2.0;5.6;1.8571428;13.857142;0.25;
http://coffeeshop.com/schema;10.0;13.0;14.0;0.0;2.0;7.8;1.0;5.0;0.0;
http://www.w3.org/ns/ws-policy;7.0;16.0;20.0;1.0;1.0;9.0;1.1428572;1.1428572;0.14285715;
http://knowitallservice/1.0;1.0;0.0;2.0;0.0;0.0;0.6;1.0;1.0;0.0;
https://github.com/agacek/jkind-xtext;30.0;35.0;12.0;1.0;3.0;16.2;1.6333333;9.633333;0.078431375;
http://www.emftext.org/language/timedAutomata;85.0;114.0;25.0;5.0;2.0;46.2;2.282353;111.28236;0.43951613;
http:///uk/ac/ed/inf/pepa/emf.ecore;22.0;19.0;6.0;3.0;1.0;10.2;2.0;2.0;0.19354838;
http://www.uni-augsburg.de/pvs/MAF/project;22.0;21.0;42.0;3.0;2.0;18.0;2.909091;8.909091;0.2125;
http://www.earthsystemcurator.org/cupid/sidl;9.0;14.0;8.0;1.0;4.0;7.2;1.2222222;18.222221;0.0;
petri_nets;4.0;3.0;2.0;1.0;1.0;2.2;1.5;3.5;0.2857143;
http://www.emftext.org/language/textadventure;8.0;5.0;4.0;2.0;2.0;4.2;1.875;4.875;0.35714287;
http://www.robotoworks.com/mechanoid/db/SqliteModel;92.0;107.0;67.0;2.0;3.0;54.2;1.7282609;21.72826;0.069518715;
http://www.irisa.fr/cairn/model/Mathematica;8.0;2.0;9.0;2.0;1.0;4.4;2.375;2.375;0.0;
http:///de.vogella.docs.web.modell/vogella.ecore;5.0;4.0;18.0;0.0;4.0;6.2;1.0;1.0;0.0;
http://emf-rest.com/Example;10.0;7.0;5.0;2.0;1.0;5.0;1.9;16.9;0.53846157;
http://www.jboss.org/drools/epn/model;39.0;74.0;24.0;6.0;3.0;29.2;2.974359;67.97436;0.593361;
http://automotive-his.de/200807/rif;45.0;55.0;30.0;3.0;5.0;27.6;2.6444445;32.644444;0.6487603;
http://www.rogueai.com/janki/card/lang/CardTemplate;3.0;3.0;4.0;0.0;2.0;2.4;1.0;1.0;0.0;
http:///gov/redhawk/eclipsecorba/idl.expressions.ecore;50.0;33.0;35.0;12.0;2.0;26.4;4.6;15.6;0.8242894;
http://hExample_6_LHS;4.0;5.0;3.0;0.0;2.0;2.8;1.0;2.0;0.0;
http://www.innoq.com/dtdsl;3.0;0.0;4.0;1.0;0.0;1.6;1.6666666;1.6666666;0.33333334;
http://www.oiloftrop.de/interior/planning/InteriorPlanningLang;16.0;16.0;29.0;1.0;2.0;12.8;1.25;4.25;0.04255319;
http://dsltrans/2.0;47.0;32.0;20.0;4.0;4.0;21.4;2.1276596;16.127659;0.6060606;
http://www.emftext.org/language/calc;19.0;13.0;6.0;2.0;2.0;8.4;2.2105262;5.2105265;0.40625;
http://processor/1.0;34.0;35.0;34.0;0.0;1.0;20.8;1.0;35.0;0.0;
fr.irisa.testK3/BaseUI;6.0;2.0;4.0;2.0;0.0;2.8;2.3333333;7.333333;0.45454547;
http://www.collectionspro.eu/jam/mm;8.0;13.0;16.0;1.0;1.0;7.8;1.25;19.25;0.06451613;
http://www.eclipse.org/m2miwg/things/0.8;18.0;8.0;9.0;3.0;2.0;8.0;2.8888888;3.8888888;0.7638889;
http://www.openxma.org/dsl/ddl/DdlDsl;34.0;19.0;25.0;2.0;2.0;16.4;2.2058823;13.205882;0.3529412;
http://edu.cmu.sei.pacc.perf.model;13.0;6.0;28.0;2.0;3.0;10.4;1.6923077;2.6923077;0.27659574;
http://www.eclipse.org/e4/os/1.0;17.0;20.0;58.0;0.0;3.0;19.6;1.0;1.0;0.0;
de.cau.cs.kieler.simplerailctrl;9.0;3.0;15.0;1.0;2.0;6.0;1.6666666;2.6666665;0.33333334;
http://www.eclipse.org/emf/cdo/dawn/examples/2010/ACore;8.0;10.0;7.0;1.0;2.0;5.6;1.5;6.5;0.41379312;
http://www.eclipse.org/papryus/properties/preferences;2.0;1.0;2.0;0.0;1.0;1.2;1.0;1.0;0.0;
HSM;4.0;5.0;1.0;1.0;2.0;2.6;1.25;4.25;0.25;
ComBE;15.0;13.0;10.0;1.0;2.0;8.2;1.4666667;4.4666667;0.3611111;
http://eclipsesource.org/model/control;3.0;2.0;3.0;0.0;1.0;1.8;1.0;1.0;0.0;
http://www.cwi.nl/yawl;8.0;7.0;12.0;1.0;2.0;6.0;1.375;8.375;0.32142857;
http://spray.eclipselabs.org/examples/Usecase;15.0;20.0;6.0;5.0;2.0;9.6;3.0;17.0;0.48;
http://www.minimalabs.com/fiber/Fiber;12.0;11.0;9.0;2.0;2.0;7.2;1.5;5.5;0.16666667;
http://klaper.sourceforge.net/metamodels/dtmc/1.0;8.0;13.0;5.0;1.0;1.0;5.6;1.5;35.5;0.47058824;
http://sap.fusesource.org/rfc;22.0;24.0;105.0;0.0;6.0;31.4;1.0;17.0;0.0;
http://www.robotoworks.com/mechanoid/ops/OpServiceModel;7.0;5.0;5.0;1.0;3.0;4.2;1.2857143;2.2857141;0.0;
http://jeeeyul.net/swtquery;8.0;12.0;10.0;0.0;4.0;6.8;1.0;11.0;0.0;
hExamle_4_RHS;1.0;0.0;1.0;0.0;0.0;0.4;1.0;1.0;0.0;
http://www.bonitasoft.org/ns/connector/definition/6.1;20.0;9.0;30.0;4.0;1.0;12.8;2.65;2.65;0.44285715;
http://www.soluvas.org/nav/1.0;7.0;3.0;12.0;2.0;1.0;5.0;2.0;2.0;0.5588235;
platform:/resource/ExampleEMF/model/ExampleEMF.ecore;5.0;6.0;5.0;1.0;2.0;3.8;1.4;15.4;0.3529412;
mondial;5.0;6.0;8.0;0.0;1.0;4.0;1.0;3.0;0.0;
http://de.tub.tfs.henshin.editor.layout;6.0;4.0;10.0;1.0;2.0;4.6;1.5;4.5;0.39130434;
http://www.upm.es/gsi/ECharts/DslECharts;32.0;35.0;19.0;2.0;5.0;18.6;1.3125;4.3125;0.18181819;
http://www.caks.at/eglipse/Program;2.0;1.0;1.0;0.0;1.0;1.0;1.0;1.0;0.0;
http://openscada.org/DA/Server/Exporter;6.0;7.0;6.0;0.0;2.0;4.2;1.0;1.0;0.0;
com.weltevree;3.0;0.0;4.0;0.0;0.0;1.4;1.0;1.0;0.0;
http://www.telcodev.org/dsl/Dime;50.0;48.0;31.0;5.0;3.0;27.4;2.48;5.48;0.21782178;
http://www.xtext.my/MiniJava;35.0;51.0;3.0;1.0;2.0;18.4;1.7428571;1.7428571;0.0;
http://evilsystem/1.0;13.0;12.0;7.0;3.0;2.0;7.4;2.3846154;20.384615;0.5;
http://flowgraph/1.0;18.0;18.0;1.0;4.0;1.0;8.4;3.3333333;33.333336;0.77380955;
urn:oasis:names:tc:ciq:xsdschema:xAL:2.0;85.0;187.0;349.0;0.0;3.0;124.8;1.0;1.0;0.0;
http://iec.ch/TC57/2009/CIM-schema-cim14;471.0;759.0;1564.0;8.0;2.0;560.8;4.1740975;2191.174;0.7605895;
http:///name/njbartlett/osgi/emf/samples.ecore;2.0;2.0;2.0;0.0;1.0;1.4;1.0;3.0;0.0;
http://planrouge/1.0;13.0;12.0;27.0;2.0;3.0;11.4;1.7692307;6.769231;0.13333334;
uri:rok;27.0;14.0;26.0;5.0;3.0;15.0;3.4074075;7.4074078;0.7515528;
http://www.sf.net/rcer/RFCMapping;16.0;11.0;28.0;2.0;3.0;12.0;1.625;3.625;0.41791046;
http://www.eclipse.org/OCL/examples/codegen/employee;3.0;9.0;6.0;0.0;1.0;3.8;1.0;24.0;0.0;
http://www.sourcepit.org/common/manifest/0.1;19.0;6.0;13.0;2.0;2.0;8.4;2.1578948;12.157895;0.51282054;
http://ATLProfiler;7.0;6.0;19.0;2.0;2.0;7.2;1.5714285;4.5714283;0.5192308;
http://www.nie.de/fin/Fin;9.0;13.0;20.0;1.0;2.0;9.0;1.5555556;10.555555;0.0;
http://www.eclipse.org/examples/tree;2.0;5.0;2.0;0.0;1.0;2.0;1.0;5.0;0.0;
http://www.bpsim.org/schemas/1.0;42.0;65.0;76.0;2.0;4.0;37.8;2.0714285;2.0714285;0.45136186;
http://eclectic.org/frontend/qoolL;33.0;30.0;10.0;3.0;2.0;15.6;1.8787879;7.878788;0.33333334;
http://www.eclipse.org/hyades/schema/Filter.xsd;12.0;12.0;21.0;1.0;2.0;9.6;1.4166666;1.4166666;0.42105263;
http://iec.ch/TC57/2009/CIM-schema-cim14?profile=http://iec.ch/TC57/2007/profile;6.0;6.0;4.0;2.0;0.0;3.6;2.5;20.5;0.5652174;
http://src;5.0;9.0;5.0;0.0;1.0;4.0;1.0;6.0;0.0;
platform:/resource/Pipes/model/Pipes.ecore;9.0;7.0;9.0;2.0;3.0;6.0;1.7777778;2.7777777;0.48387095;
PetriNetV3;6.0;12.0;0.0;1.0;0.0;3.8;1.3333334;35.333336;0.0;
http://www.certware.net/sco;9.0;7.0;11.0;1.0;3.0;6.2;1.5555556;1.5555556;0.625;
www.ya.ru;4.0;3.0;3.0;1.0;1.0;2.4;1.5;3.5;0.0;
http://hu-berlin.de/flowchart;20.0;22.0;13.0;3.0;2.0;12.0;2.7;32.7;0.6846847;
http://www.elver.org/string;1.0;0.0;1.0;0.0;0.0;0.4;1.0;1.0;0.0;
http://www.eclipse.org/emf/texo/test/model/samples/schoollibrary;6.0;4.0;7.0;2.0;2.0;4.2;1.5;3.5;0.3888889;
http://www.eclipse.org/emf/texo/test/model/base/identifiable;1.0;0.0;2.0;0.0;0.0;0.6;1.0;1.0;0.0;
http://www.topografix.com/GPX/1/0;9.0;10.0;100.0;0.0;2.0;24.2;1.0;1.0;0.0;
platform:/resource/net.ogdf.ogml/model/ogml.xsd;45.0;132.0;96.0;0.0;3.0;55.2;1.0;1.0;0.0;
http://eclipse.org/er;4.0;5.0;3.0;0.0;2.0;2.8;1.0;3.0;0.0;
ovap;11.0;20.0;1.0;2.0;2.0;7.2;2.2727273;47.272728;0.32258064;
http://callisto.blizzart.net/redmine/projects/ccu-lbe#editor;1.0;0.0;0.0;0.0;0.0;0.2;1.0;1.0;NaN;
http://www.tid.es/cim;160.0;77.0;452.0;8.0;4.0;140.2;5.01875;67.01875;0.85979325;
http://www.jevopi.de/Mitra;77.0;102.0;38.0;3.0;4.0;44.8;2.116883;10.116883;0.11392405;
http://providers/1.0;5.0;1.0;0.0;1.0;1.0;1.6;1.6;2.6;0.75;
http://bippomall/1.0;2.0;1.0;6.0;0.0;1.0;2.0;1.0;1.0;0.0;
http://www.emftext.org/language/formsfamily;13.0;9.0;7.0;1.0;1.0;6.2;1.6153846;7.6153846;0.27272728;
http://www.goldschmiede.de/bodsl/BusinessObjectDsl;9.0;7.0;5.0;1.0;2.0;4.8;1.3333334;2.3333335;0.2;
http://www.jboss.org/drools;7.0;9.0;15.0;0.0;1.0;6.4;1.0;1.0;0.0;
http://nexus/1.0;12.0;7.0;11.0;3.0;3.0;7.2;2.0833333;6.083333;0.5714286;
deploymentModels;6.0;9.0;8.0;0.0;3.0;5.2;1.0;10.0;0.0;
http://exportmodel;4.0;2.0;11.0;1.0;2.0;4.0;1.5;1.5;0.55172414;
http://www.soluvas.org/schema/web.site/1.0;22.0;7.0;10.0;2.0;1.0;8.4;1.8636364;8.863636;0.7638889;
http://appdsl/1.0;6.0;4.0;3.0;2.0;3.0;3.6;2.0;3.0;0.53333336;
http://chooseeditor/1.0;14.0;49.0;8.0;1.0;1.0;14.6;1.5714285;133.57143;0.62;
http://www.bacin.de/geoff-map-v0.7;45.0;29.0;69.0;4.0;2.0;29.8;1.7777778;4.7777777;0.398773;
hutnArticleFamilies;2.0;2.0;5.0;0.0;1.0;2.0;1.0;2.0;0.0;
minuml2;14.0;6.0;2.0;1.0;1.0;4.8;1.6428572;3.642857;0.42857143;
http://www.meekmok.com/Games;4.0;4.0;2.0;0.0;2.0;2.4;1.0;4.0;0.0;
http://taste/1.0;11.0;25.0;18.0;1.0;4.0;11.8;1.4545455;22.454546;0.18867925;
molic;11.0;4.0;4.0;1.0;1.0;4.2;1.7272727;3.7272727;0.42857143;
http:///org.eclipse.emf.test.models/dbprice;2.0;0.0;2.0;0.0;0.0;0.8;1.0;1.0;0.0;
http://iec.ch/TC57/2009/CIM-schema-cim14#;62.0;72.0;170.0;7.0;0.0;62.2;4.322581;220.32259;0.7237443;
http://www.obeo.fr/releng/TargetPlatform;3.0;2.0;5.0;0.0;2.0;2.4;1.0;1.0;0.0;
http://ifStatement/1.0;7.0;5.0;4.0;1.0;2.0;3.8;1.5714285;3.5714285;0.0;
minuml1;14.0;13.0;5.0;3.0;2.0;7.4;2.642857;20.642857;0.6785714;
http://atomic/1.0;7.0;13.0;2.0;2.0;2.0;5.2;1.7142857;26.714285;0.11764706;
platform:/resource/net.reimone.ttloc.model.usergames/metamodel/UserSpiele.xsd;3.0;4.0;12.0;0.0;1.0;4.0;1.0;1.0;0.0;
http://www.eclipse.org/gmf/2006/GraphicalDefinition;67.0;51.0;65.0;8.0;4.0;39.0;3.164179;24.164179;0.77692306;
http:///thirdstage/message/meta.ecore;3.0;2.0;13.0;0.0;2.0;4.0;1.0;1.0;0.0;
http://Synthesis.ecore;61.0;72.0;29.0;6.0;3.0;34.2;3.2459016;121.2459;0.7468672;
http://junit/1.0;10.0;10.0;0.0;2.0;3.0;5.0;1.4;3.4;0.33333334;
http:///evidence.ecore;103.0;68.0;47.0;8.0;4.0;46.0;4.291262;40.291264;0.7337963;
http://www.edu.co/unal/forms/Form;4.0;3.0;16.0;0.0;3.0;5.2;1.0;1.0;0.0;
http://www.ru.bsc.dsl.slolp.BPM;5.0;4.0;3.0;1.0;1.0;2.8;1.4;3.4;0.22222222;
http://www.xtext.org/bnl/Bnl;1.0;0.0;1.0;0.0;0.0;0.4;1.0;1.0;0.0;
http://etl.sf.net/2006/samples/ej/0.1;132.0;120.0;16.0;6.0;2.0;55.2;4.378788;4.378788;0.8969697;
http://eclipse.org/remus/rules/1.0;7.0;5.0;11.0;0.0;4.0;5.4;1.0;2.0;0.0;
http://genericity/examples/simpleUML;4.0;5.0;2.0;0.0;1.0;2.4;1.0;3.0;0.0;
system.reliability.model.view;13.0;15.0;12.0;3.0;2.0;9.0;1.8461539;29.846153;0.5344828;
http:///ch/postfinance/zvis/model/primitives.ecore;12.0;14.0;11.0;1.0;3.0;8.2;1.25;14.25;0.0;
http://projet/1.0;34.0;13.0;5.0;2.0;1.0;11.0;2.2941177;2.2941177;0.6785714;
http://www.dstc.edu.au:8080/qvt/TefkatConfig.ecore;5.0;7.0;9.0;0.0;2.0;4.6;1.0;1.0;0.0;
http://java.sun.com/xml/ns/javaee/web-facelettaglibrary_2_0;26.0;43.0;35.0;2.0;1.0;21.4;1.5769231;1.5769231;0.32173914;
http://www.obeonetwork.org/dsl/smartdesigner/1.2;4.0;10.0;4.0;0.0;3.0;4.2;1.0;7.0;0.0;
http://www.eclipse.org/reqcycle/predicates/1.0;19.0;2.0;10.0;4.0;1.0;7.2;3.6842105;4.684211;0.79310346;
http://www.erlide.org/Erlang;96.0;129.0;31.0;6.0;4.0;53.2;2.5520833;8.552083;0.45392492;
http://www.eclipse.org/hyades/schema/Formatter.xsd;5.0;7.0;9.0;1.0;1.0;4.6;1.2;1.2;0.2;
http://www.eclipse.org/ocl/3.1.0/OCL.oclstdlib;0.0;0.0;0.0;0.0;0.0;0.0;NaN;NaN;NaN;
http://www.xtext.org/example/droid/Droid;46.0;109.0;44.0;4.0;3.0;41.2;2.3695652;26.369566;0.3516949;
http://www.eclipse.org/dltk/tcl/manpages;4.0;2.0;7.0;0.0;2.0;3.0;1.0;1.0;0.0;
http:///tp3-v0;9.0;9.0;5.0;2.0;3.0;5.6;2.0;5.0;0.39130434;
http://www.eclipse.org/koneki/omadm/simulator/1.0;3.0;4.0;21.0;0.0;2.0;6.0;1.0;6.0;0.0;
http://www.eclipse.org/emf/teneo/samples/emf/annotations/basic;1.0;0.0;3.0;0.0;0.0;0.8;1.0;1.0;0.0;
PetriNetV1;3.0;8.0;0.0;0.0;0.0;2.2;1.0;23.0;0.0;
http:/www.vogella.de/base/;1.0;0.0;2.0;0.0;0.0;0.6;1.0;1.0;0.0;
http://www.w3.org/1999/xlink;1.0;2.0;10.0;0.0;1.0;2.8;1.0;1.0;0.0;
grammar/1.0;13.0;4.0;5.0;3.0;2.0;5.4;2.6153846;3.6153846;0.5714286;
http:/www.vogella.de/extended/;2.0;0.0;3.0;1.0;0.0;1.2;1.5;1.5;0.4;
http://simplepdl;5.0;6.0;4.0;1.0;1.0;3.4;1.6;14.6;0.0;
http://torusfw.org/ide/Script;11.0;8.0;9.0;3.0;1.0;6.4;1.7272727;3.7272727;0.1904762;
http://www.protos.de/myFeatures/core/Features;2.0;5.0;3.0;0.0;1.0;2.2;1.0;5.0;0.0;
http://timetrack/1.0;4.0;5.0;13.0;0.0;1.0;4.6;1.0;3.0;0.0;
mprologTermReference;15.0;16.0;5.0;2.0;4.0;8.4;1.7333333;3.7333333;0.3;
http://org.eclipse.soa.sca.sca1_0.runtime.frascati.wizards.intent;1.0;0.0;3.0;0.0;0.0;0.8;1.0;1.0;0.0;
platform:/resource/www-modeling-mdt-ocl/docs/publications/EclipseOMG2012/Domain.ecore;6.0;7.0;7.0;1.0;1.0;4.4;1.1666666;8.166667;0.1764706;
http:///com/skratchdot/riff/wav/RIFFWave.ecore;25.0;9.0;70.0;2.0;2.0;21.6;1.8;4.8;0.4662162;
http://www.eclipse.org/intent/specification/1.0;19.0;23.0;5.0;2.0;1.0;10.0;1.9473684;11.947369;0.51724136;
http://nemo.inf.ufes.br/ontouml/refuml;43.0;80.0;36.0;9.0;4.0;34.4;6.116279;145.11627;0.82848394;
http://irit.fr/ifconfiguration;25.0;31.0;15.0;2.0;4.0;15.4;1.76;8.76;0.20689656;
http://www.hepaxcodex.org/eVHDL/VHDL;1.0;0.0;1.0;0.0;0.0;0.4;1.0;1.0;0.0;
http://www.ow2.org/mind/Adl;48.0;34.0;27.0;5.0;3.0;23.4;2.7916667;9.791667;0.55474454;
http://www.eclipse.org/emf/texo/test/model/samples/extendedpo2;8.0;11.0;20.0;2.0;1.0;8.4;1.375;15.375;0.1388889;
http://modeling.eclipse.org/demo/zoo;9.0;4.0;1.0;1.0;1.0;3.2;1.6666666;1.6666666;0.375;
http://House2/1.0;21.0;9.0;13.0;3.0;4.0;10.0;2.2380953;4.2380953;0.5319149;
http://www.yasper.org/XMLSchema/Yasper_EPNML_1_1_4.xsd;31.0;66.0;42.0;1.0;3.0;28.6;1.032258;1.032258;0.06896552;
http:///ProteusLibraries.ecore;64.0;73.0;164.0;0.0;2.0;60.6;1.0;1.0;0.0;
http://www.obeonetwork.org/2012/bootstrap;15.0;10.0;20.0;1.0;0.0;9.2;1.6;26.6;0.375;
http://ict-alive.sourceforge.net/ruleml;3.0;2.0;0.0;0.0;1.0;1.2;1.0;1.0;0.0;
http://fuzzino.fuzzing.fokus.fraunhofer.de/request;15.0;24.0;48.0;0.0;3.0;18.0;1.0;1.0;0.0;
http://tracemodel/1.0;26.0;40.0;12.0;3.0;5.0;17.2;1.7307693;42.73077;0.5968992;
http://www.efxclipse.org/rrobot/task/bundle/1.0;38.0;32.0;73.0;5.0;3.0;30.2;2.5789473;5.578947;0.37125748;
http://axdt.org/uri/Avm;28.0;2.0;1.0;7.0;1.0;7.8;4.0;6.0;0.0;
http://master/exercise/StateDiagram;3.0;3.0;3.0;0.0;2.0;2.2;1.0;2.0;0.0;
http://itu.nowheretravel.schemes/t.ecore;15.0;10.0;9.0;3.0;1.0;7.6;2.2666667;14.266666;0.5869565;
http://CellAutomata.istic.fr/CellInit;1.0;0.0;1.0;0.0;0.0;0.4;1.0;1.0;0.0;
http://www.puppetlabs.com/geppetto/1.0.0/Catalog;6.0;4.0;15.0;1.0;2.0;5.6;1.3333334;1.3333334;0.0952381;
http://www.soyatec.com/ebook/1.0.0;18.0;11.0;37.0;2.0;4.0;14.4;2.1111112;3.1111112;0.5555556;
http://eclectic.org/frontend/taoL;21.0;12.0;3.0;4.0;3.0;8.6;2.2857144;3.2857144;0.3478261;
http:///org.eclipse.emf.test.models/MovieDB;12.0;15.0;31.0;1.0;2.0;12.2;1.25;3.25;0.115384616;
http://www.eclipse.org/osee/ats/dsl/AtsDsl;25.0;35.0;70.0;1.0;3.0;26.8;1.28;9.28;0.0;
http://www.marketcetera.org/models/marketdata;6.0;2.0;17.0;1.0;1.0;5.4;1.6666666;1.6666666;0.17391305;
http:///org/eclipse/wst/xml/vex/core/internal/provisional/dom.ecore;12.0;15.0;28.0;1.0;3.0;11.8;1.4166666;16.416666;0.3943662;
http://eclectic.org/frontend/chainL;11.0;8.0;0.0;2.0;3.0;4.8;1.7272727;4.727273;0.0;
http://www.emftext.org/language/rails;14.0;6.0;5.0;2.0;1.0;5.6;1.9285715;3.9285715;0.42105263;
http://www.ImpModLang;8.0;13.0;5.0;1.0;1.0;5.6;1.25;17.25;0.1;
http://clientes/1.0;6.0;4.0;15.0;1.0;1.0;5.4;1.1666666;1.1666666;0.24;
http://www.mod4j.org/mod4j.crossx;5.0;5.0;11.0;1.0;1.0;4.6;1.4;6.4;0.2;
org.apache.felix.ipojo;16.0;25.0;62.0;1.0;1.0;21.0;1.1875;1.1875;0.07446808;
http://www.mt.org/lic/eol/EventOrientedLanguage;32.0;51.0;7.0;2.0;2.0;18.8;2.0;8.0;0.0;
http://www.eclipse.org/xtext/builderstate/1.0;6.0;4.0;11.0;1.0;2.0;4.8;1.3333334;2.3333335;0.2857143;
http://eclipse.org/remus/uimodel;5.0;3.0;10.0;0.0;2.0;4.0;1.0;1.0;0.0;
http://piece-framework.com/piece-ide/flowdesigner/1.0;9.0;5.0;10.0;3.0;2.0;5.8;2.1111112;3.1111112;0.44444445;
http://www.emftext.org/language/javaproperties;2.0;1.0;4.0;0.0;1.0;1.6;1.0;1.0;0.0;
platform:/resource/EveCEO/models/EveAPIDBModel.xsd;59.0;60.0;514.0;0.0;1.0;126.8;1.0;1.0;0.0;
http://genericity/examples/simpleJava;4.0;4.0;3.0;1.0;1.0;2.6;1.5;8.5;0.53333336;
http://www.emftext.org/commons/jdt;2.0;1.0;7.0;0.0;1.0;2.2;1.0;2.0;0.0;
http://www.eclipse.org/dltk/tcl/packages;9.0;11.0;21.0;0.0;2.0;8.6;1.0;2.0;0.0;
http://www.emftext.org/language/dbschema;6.0;3.0;4.0;2.0;2.0;3.4;2.1666667;3.1666667;0.6111111;
store;881.0;679.0;1651.0;9.0;5.0;645.0;4.3269014;1183.3269;0.6978735;
http://rolemetamodel/1.0;9.0;6.0;0.0;1.0;2.0;3.6;1.4444444;3.4444444;0.0;
http://mitra2.jevopi.de/traces;4.0;5.0;8.0;0.0;3.0;4.0;1.0;3.0;0.0;
http://www.eclipse.org/xtext/generator/parser/antlr/simpleExpressions;8.0;8.0;4.0;1.0;1.0;4.4;1.75;1.75;0.0;
http://www.emftext.org/tbool/examples/basic/input;2.0;0.0;2.0;0.0;0.0;0.8;1.0;1.0;0.0;
http://www.xerian.com/ada/ads/Ads;71.0;57.0;45.0;6.0;9.0;37.6;1.9577465;5.9577465;0.12068965;
http://thoughtress.com/WebService;8.0;4.0;4.0;1.0;2.0;3.8;1.375;1.375;0.27272728;
http://walware.de/rtm/RtData/1.0;0.0;0.0;0.0;0.0;0.0;0.0;NaN;NaN;NaN;
http:///com.ecore;4.0;3.0;10.0;0.0;1.0;3.6;1.0;8.0;0.0;
http://cloud/1.0;3.0;2.0;2.0;0.0;2.0;1.8;1.0;1.0;0.0;
http:///org/eclipse/epf/uma/resourcemanager.ecore;2.0;2.0;4.0;0.0;0.0;1.6;1.0;1.0;0.0;
http://irit.fr/treemapviewer;3.0;3.0;3.0;1.0;2.0;2.4;1.3333334;2.3333335;0.33333334;
http://www.niu.name/guita/uitf/1.0;9.0;7.0;10.0;1.0;3.0;6.0;1.4444444;3.4444444;0.32;
http://beuth-hochschule.de/MD-M/SE_AT/Uebung1/eshop;4.0;2.0;9.0;1.0;1.0;3.4;1.5;3.5;0.3529412;
http://www.eclipse.org/MoDisco/smm;32.0;41.0;34.0;4.0;1.0;22.4;3.09375;100.09375;0.7685185;
http://www.elver.org/store/test/emf/extendedpo2;8.0;11.0;20.0;2.0;1.0;8.4;1.375;15.375;0.1388889;
http://hexfile;2.0;1.0;4.0;0.0;1.0;1.6;1.0;1.0;0.0;
http://www.mcj.org/karel/Karel;16.0;14.0;11.0;1.0;2.0;8.8;1.5;2.5;0.0;
http://www.unibo.org/Prolog;2.0;1.0;1.0;0.0;1.0;1.0;1.0;1.0;0.0;
aladim;21.0;14.0;7.0;2.0;2.0;9.2;2.142857;8.142857;0.5;
http://www.postfinance.ch/zvis/dsl/Ldb;2.0;1.0;1.0;0.0;1.0;1.0;1.0;1.0;0.0;
http://www.tu-dresden.de;8.0;19.0;11.0;0.0;3.0;8.2;1.0;24.0;0.0;
http://orcc.sf.net/model/2012/Util;3.0;3.0;3.0;1.0;2.0;2.4;1.3333334;2.3333335;0.14285715;
http://www.eclipse.org/wsdl/2003/HTTP;118.0;158.0;134.0;8.0;5.0;84.6;4.09322;102.09322;0.68017524;
http://www.correttouml.org/grammars/StateMachineTriggers;5.0;5.0;5.0;0.0;3.0;3.6;1.0;1.0;0.0;
http://b/1.0;2.0;1.0;1.0;0.0;1.0;1.0;1.0;1.0;0.0;
http://linuxnetconf/1.0;16.0;14.0;9.0;3.0;2.0;8.8;2.0;15.0;0.47727272;
http://thisdomain/1.0;2.0;2.0;3.0;0.0;0.0;1.4;1.0;7.0;0.0;
http://www.example.org/metamodel;6.0;5.0;6.0;1.0;2.0;4.0;1.3333334;3.3333335;0.15384616;
http://www.tocea.com/codewatch/architecture/;26.0;7.0;12.0;3.0;1.0;9.8;2.2692308;19.26923;0.85271317;
platform:/resource/org.mule.ide.emf/xml/mule.xsd;58.0;129.0;222.0;0.0;8.0;83.4;1.0;1.0;0.0;
http://www.eclipse.org/mdt/uml2tools/sequence-diagram/1.0;37.0;33.0;3.0;6.0;2.0;16.2;2.7027028;62.7027;0.53846157;
http://nima/1.0;9.0;20.0;38.0;1.0;3.0;14.2;1.2222222;21.222221;0.14705883;
http://workaround/1.0;11.0;19.0;29.0;0.0;2.0;12.2;1.0;10.0;0.0;
http://compiler/1.0;12.0;8.0;0.0;1.0;1.0;4.4;1.25;3.25;0.0;
http://www.emftext.org/sparql;144.0;119.0;20.0;9.0;9.0;60.2;3.7361112;3.7361112;0.729572;
http://at.bestsolution.efxclipse.tooling.jdt/1.0;20.0;25.0;65.0;0.0;3.0;22.6;1.0;1.0;0.0;
PetriNet;5.0;4.0;4.0;1.0;1.0;3.0;1.4;3.4;0.2;
com.car.dsml;39.0;12.0;25.0;2.0;3.0;16.2;1.9230769;4.9230766;0.49315068;
http://www.sysfera.com/emf/vishnu/data;1.0;0.0;4.0;0.0;0.0;1.0;1.0;1.0;0.0;
http://www.eclipse.org/intent/bridges/tags/0.7;2.0;1.0;2.0;0.0;1.0;1.2;1.0;1.0;0.0;
http:///gov/redhawk/eclipsecorba/idl.operations.ecore;53.0;36.0;38.0;12.0;2.0;28.2;4.735849;16.73585;0.8266979;
imml;20.0;18.0;12.0;2.0;3.0;11.0;1.5;7.5;0.14285715;
http://iec.ch/TC57/2009/CIM-schema-cim14#;58.0;80.0;114.0;5.0;0.0;51.4;3.6206896;243.6207;0.6626087;
http://eclipse.org/mylyn/tasks/emftasks/1.0;3.0;2.0;16.0;0.0;2.0;4.6;1.0;2.0;0.0;
http://www.ibm.com/xmlns/prod/commerce/9/infrastructure;31.0;67.0;22.0;1.0;2.0;24.6;1.3225807;1.3225807;0.35971224;
http://www.eclipse.org/scout/saml/Saml;35.0;47.0;90.0;4.0;3.0;35.8;2.6571429;22.657143;0.5566343;
http://eclipse.org/koneki;1.0;0.0;2.0;0.0;0.0;0.6;1.0;1.0;0.0;
http://www.Macro;12.0;4.0;17.0;2.0;1.0;7.2;1.8333334;1.8333334;0.25;
http://www.bluexml.com/rwm/risk/1.0/;2.0;1.0;3.0;0.0;1.0;1.4;1.0;1.0;0.0;
List;2.0;2.0;1.0;0.0;1.0;1.2;1.0;3.0;0.0;
http://graphicalprocesseditormodel/1.0;7.0;8.0;4.0;1.0;2.0;4.4;1.5714285;5.5714283;0.25;
http://www.iae.nsk.su/Reflex;39.0;40.0;22.0;2.0;14.0;23.4;1.1025641;1.1025641;0.0;
http://www.eclipse.org/acceleo/profiler/3.0;4.0;5.0;4.0;1.0;2.0;3.2;1.25;7.25;0.4375;
http://fuzzino.fuzzing.fokus.fraunhofer.de/response;21.0;28.0;46.0;0.0;3.0;19.6;1.0;1.0;0.0;
http://senac.es/boxmm;11.0;16.0;1.0;2.0;4.0;6.8;2.090909;21.090908;0.32;
http://acon/1.0;12.0;14.0;13.0;2.0;2.0;8.6;1.5;8.5;0.34146342;
http:///www.hp.com/spmass/contractM;3.0;2.0;4.0;1.0;0.0;2.0;1.6666666;7.6666665;0.25;
http://www.eclipse.org/hyades/schema/Context.xsd;4.0;7.0;28.0;0.0;2.0;8.2;1.0;1.0;0.0;
http://sca.jpeojtrs.mil/dpd;9.0;19.0;27.0;0.0;3.0;11.6;1.0;1.0;0.0;
http://rss/2.5.6;10.0;11.0;16.0;1.0;2.0;8.0;1.2;3.2;0.12903225;
http://app.choco;3.0;3.0;14.0;0.0;1.0;4.2;1.0;8.0;0.0;
flow_concept;10.0;6.0;5.0;1.0;1.0;4.6;1.7;13.7;0.56;
fr.irisa.testK3/ConcreteUI;7.0;2.0;9.0;2.0;0.0;4.0;2.2857144;7.285714;0.3529412;
http://org/ai4fm/filehistory;3.0;2.0;6.0;0.0;2.0;2.6;1.0;1.0;0.0;
http://www.eclipse.org/ecf/discovery.ecore;5.0;4.0;15.0;0.0;4.0;5.6;1.0;3.0;0.0;
http://conceptmodel/1.0;5.0;5.0;0.0;0.0;4.0;2.8;1.0;6.0;0.0;
com.sap.glx.bpmn.ecorepatcher.exceptions;2.0;1.0;4.0;0.0;1.0;1.6;1.0;1.0;0.0;
http://www.kermeta.org/kermeta/1_2_0//kermeta;64.0;85.0;37.0;6.0;3.0;39.0;3.96875;85.96875;0.6863753;
http://www.eclipse.org/qvt/1.0/Unresolved;2.0;2.0;1.0;0.0;0.0;1.0;1.0;3.0;0.0;
http://eclipse.org/jst/server/generic/ServerTypeDefinition;16.0;17.0;48.0;0.0;1.0;16.4;1.0;1.0;0.0;
http://org/ai4fm/proofprocess/v1.0.0;16.0;20.0;7.0;1.0;3.0;9.4;1.25;4.25;0.12903225;
http://www.jboss.org/byteman/eclipse/Byteman;57.0;31.0;31.0;3.0;4.0;25.2;2.8070176;2.8070176;0.46086955;
http://de.hub.clickwatch.analysis.results;23.0;16.0;9.0;2.0;2.0;10.4;2.2173913;15.217391;0.5;
http://dataset/1.0;20.0;18.0;31.0;1.0;4.0;14.8;1.1;8.1;0.14035088;
http://www.flower-platform.com/xmi/FlowerDiagramNotation_1.0.0;24.0;18.0;15.0;5.0;2.0;12.8;2.4166667;44.416668;0.6117647;
http://axdt.org/uri/Axdt;9.0;5.0;6.0;3.0;1.0;4.8;2.5555556;13.555555;0.26666668;
http://http://mdcf.santos.cis.ksu.edu/devicemodel/DeviceModelingLanguage;69.0;61.0;29.0;3.0;2.0;32.8;2.0289855;11.028986;0.26229507;
http://wikis.uca.es/wikiPLII/index.php/Videojuegos_Educativos_DSL;10.0;6.0;13.0;2.0;2.0;6.6;1.9;4.9;0.6545454;
http://iec.ch/TC57/2009/CIM-schema-cim14?profile=http://iec.ch/TC57/2007/profile;61.0;64.0;141.0;7.0;0.0;54.6;4.377049;196.37704;0.7368421;
http://www.makumba.org/devel/plugin/eclipse/mdd/MDD;80.0;79.0;39.0;7.0;4.0;41.8;1.725;4.725;0.33333334;
http://tcd.ie;81.0;4.0;1733.0;1.0;1.0;364.0;1.962963;3.962963;0.11872146;
fr;4.0;4.0;2.0;1.0;0.0;2.2;1.5;12.5;0.5;
http://www.devboost.de/opa;12.0;12.0;16.0;1.0;2.0;8.6;1.4166666;3.4166665;0.0;
http://www.marcotinacci.it/xturing/XTuring;5.0;7.0;10.0;0.0;3.0;5.0;1.0;3.0;0.0;
http://www.xtext.org/example/mydsl/GACL;19.0;34.0;5.0;1.0;3.0;12.4;1.4736842;4.4736843;0.0;
http://www.eclipse.org/xwt/presentation;135.0;136.0;485.0;6.0;4.0;153.2;2.6740742;2.6740742;0.8466288;
http://www.eclipse.org/e4/xaml_demo;3.0;3.0;12.0;0.0;1.0;3.8;1.0;6.0;0.0;
http://www.esito.no/no/esito/genova/em.ecore;10.0;0.0;14.0;0.0;0.0;4.8;1.0;1.0;0.0;
http://eclipse.org/dltk/cache_model;3.0;2.0;7.0;0.0;2.0;2.8;1.0;1.0;0.0;
http://www.eclipse.org/osee/framework/core/dsl/OseeDsl;37.0;46.0;45.0;2.0;2.0;26.4;1.6216216;23.621622;0.1495327;
http://www.eclipse.org/emf/texo/test/model/issues/bz377606;2.0;1.0;5.0;0.0;1.0;1.8;1.0;1.0;0.0;
http://org.eclipse.viatra2.emf.incquery.stochsim.model;4.0;3.0;1.0;1.0;1.0;2.0;1.5;3.5;0.33333334;
library;7.0;8.0;5.0;1.0;2.0;4.6;1.4285715;18.428572;0.4090909;
http://aigle-tp5.v0;7.0;12.0;10.0;0.0;2.0;6.2;1.0;11.0;0.0;
http://e2/1.0;8.0;15.0;18.0;0.0;3.0;8.8;1.0;7.0;0.0;
http://www.modelexecution.org/fuml;104.0;158.0;56.0;10.0;3.0;66.2;6.0673075;201.0673;0.87651473;
http://www.eclipse.org/ocl/3.2.0/Markup;15.0;3.0;14.0;2.0;1.0;7.0;2.5333333;8.533333;0.6851852;
http://lig.imag.fr/dsl/ExSchema;6.0;5.0;5.0;1.0;2.0;3.8;1.5;1.5;0.375;
http://idlmm/1.0;26.0;16.0;29.0;4.0;2.0;15.4;2.5384614;13.538462;0.67153287;
http://www.gastro.org/inventory/1.0;13.0;23.0;17.0;1.0;1.0;11.0;1.3076923;54.307693;0.09090909;
platform:/resource/org.eclipse.e4.tm.examples/viewers/viewers.ecore;7.0;7.0;4.0;0.0;2.0;4.0;1.0;1.0;0.0;
http://subsumption/1.0;7.0;11.0;7.0;1.0;2.0;5.6;1.2857143;23.285715;0.1;
http://era/foss/erf;28.0;26.0;16.0;3.0;3.0;15.2;2.2857144;29.285715;0.6666667;
http://www.istic.fr/idm/cellularautomata/evolution;18.0;11.0;1.0;2.0;2.0;6.8;2.2777777;2.2777777;0.6;
rpg;14.0;16.0;5.0;2.0;3.0;8.0;1.7142857;10.714286;0.46153846;
http://education/multichoice/model/multichoicesystem;8.0;10.0;16.0;0.0;4.0;7.6;1.0;4.0;0.0;
http:///mil/jpeojtrs/sca/cf/extended.ecore;46.0;0.0;0.0;21.0;0.0;13.4;6.0869565;6.0869565;NaN;
http://www.eclipselabs.org/grammars/Turtle;26.0;11.0;10.0;4.0;2.0;10.6;2.5;3.5;0.16;
http://metamodel/1.0;19.0;19.0;17.0;2.0;3.0;12.0;1.6315789;8.631578;0.2173913;
http://www.mod4j.org/datacontract;19.0;20.0;19.0;3.0;2.0;12.6;2.7894738;42.789474;0.70229006;
http://www.quamoco.de/qm/v17;61.0;65.0;37.0;8.0;4.0;35.0;4.704918;99.70492;0.7801724;
http://www.bestsolution.at/efxclipse/tooling/css/CssDsl;31.0;24.0;24.0;3.0;4.0;17.2;1.6451613;1.6451613;0.020408163;
http://itemlist/1.0;5.0;3.0;3.0;1.0;2.0;2.8;1.4;4.4;0.4;
http://torusfw.org/org.torusfw.tools.emf/emftools.ecore;3.0;1.0;6.0;0.0;1.0;2.2;1.0;2.0;0.0;
http://www.xtext.org/example/hellobuck/HelloBuck;2.0;1.0;1.0;0.0;1.0;1.0;1.0;1.0;0.0;
http://iec.ch/TC57/2009/CIM-schema-cim14?profile=http://iec.ch/TC57/2007/profile;11.0;12.0;15.0;1.0;0.0;7.8;1.9090909;37.90909;0.27027026;
http://www.modelexecution.org/xmof;84.0;106.0;26.0;8.0;4.0;45.6;5.642857;107.64285;0.8695652;
http://www.postfinance.ch/zvis/prim_pkg2/Prim_pkg2;14.0;21.0;109.0;0.0;4.0;29.6;1.0;2.0;0.0;
http://www.eclipse.org/papyrus/0.8.0/ExtendedSysML;0.0;0.0;0.0;0.0;0.0;0.0;NaN;NaN;NaN;
https://github.com/fredrikattebrant/emf.uuid.library.example/1.0;3.0;4.0;3.0;0.0;1.0;2.2;1.0;7.0;0.0;
http://kieler.cs.cau.de/KGraph;11.0;16.0;5.0;2.0;1.0;7.0;2.0;31.0;0.32258064;
http://org.eclipse.jst.jsf.facelet.core/additionalTagMetadata.ecore;2.0;1.0;4.0;0.0;1.0;1.6;1.0;1.0;0.0;
http://www.sonatype.org/maven/DependencyDsl;12.0;10.0;21.0;1.0;2.0;9.2;1.1666666;3.1666665;0.060606062;
http://www.w3.org/XML/1998/namespace;1.0;2.0;4.0;0.0;1.0;1.6;1.0;1.0;0.0;
http://inf.mit.bme.hu/donat/incquery-deps/repomodel;9.0;13.0;23.0;2.0;1.0;9.6;2.3333333;30.333334;0.41935483;
http:///pl/zgora/uz/egt.ecore;6.0;5.0;6.0;1.0;2.0;4.0;1.3333334;3.3333335;0.3529412;
http://www.cau.de/cs/kieler/sim/eso/Eso;10.0;7.0;8.0;0.0;4.0;5.8;1.0;1.0;0.0;
http:///gov/redhawk/eclipsecorba/idl.ecore;50.0;33.0;35.0;12.0;2.0;26.4;4.6;15.6;0.8242894;
http://eclipse.org/remusassignments/1.0;2.0;1.0;5.0;0.0;1.0;1.8;1.0;1.0;0.0;
ssl;21.0;13.0;17.0;2.0;1.0;10.8;1.7142857;31.714285;0.33333334;
http://www.catedrasaes.org/Box;14.0;15.0;18.0;1.0;4.0;10.4;1.4285715;5.4285717;0.26666668;
http://www.obeo.fr/training/training/1.0;6.0;8.0;5.0;1.0;1.0;4.2;1.3333334;10.333334;0.23529412;
http://sourceforge.net/projects/selflet/;34.0;33.0;34.0;1.0;4.0;21.2;1.1764706;4.1764708;0.22988506;
http://reuseware.org/example/ecore/ObserverPattern;2.0;2.0;0.0;0.0;0.0;0.8;1.0;7.0;0.0;
http://csvml/1.0;10.0;8.0;11.0;1.0;3.0;6.6;1.6;5.6;0.5365854;
http://www.emftext.org/language/rails;9.0;6.0;5.0;1.0;2.0;4.6;1.4444444;3.4444444;0.42105263;
mprolog;12.0;13.0;5.0;1.0;4.0;7.0;1.5;1.5;0.25;
http://www.emftext.org/language/abnf;22.0;13.0;11.0;2.0;5.0;10.6;1.7727273;2.7727273;0.22580644;
http://www.opengis.net/gml;28.0;41.0;60.0;5.0;3.0;27.4;2.4285715;2.4285715;0.38787878;
baseNotationMetamodel/1.0;5.0;2.0;2.0;3.0;1.0;2.6;1.8;2.8;0.33333334;
org.ollabaca.on;14.0;9.0;13.0;2.0;1.0;7.8;2.0;5.0;0.0;
http://www.wfmc.org/2002/XPDL1.0;65.0;191.0;126.0;0.0;5.0;77.4;1.0;1.0;0.0;
http://genericity/types/atl;22.0;15.0;6.0;2.0;2.0;9.4;2.1818182;12.181818;0.43243244;
http://org.se/xecore;0.0;0.0;0.0;0.0;0.0;0.0;NaN;NaN;NaN;
http://www.obeonetwork.org/dsl/togaf/contentfwk/9.0.0;47.0;166.0;102.0;3.0;1.0;63.8;2.4468086;335.4468;0.5889571;
http://www.dubture.com/editor/sass/Sass;1.0;0.0;1.0;0.0;0.0;0.4;1.0;1.0;0.0;
http://www.iec.ch/61850/2006/SCL;120.0;117.0;213.0;6.0;3.0;91.8;2.7333333;2.7333333;0.60144925;
http://CellAutomata.istic.fr/CellCore;11.0;0.0;1.0;3.0;0.0;3.0;2.8181818;2.8181818;0.0;
http://eclipsesource.com/accounting;9.0;12.0;11.0;1.0;1.0;6.8;1.3333334;23.333334;0.115384616;
http://types.modulob.dubmas.de/1.0;6.0;3.0;3.0;1.0;1.0;2.8;1.5;2.5;0.33333334;
http://www.panlab.org/FederationOffice;59.0;74.0;56.0;3.0;6.0;39.6;2.0338984;60.033897;0.6296296;
http://www.bluecorn.biz/dsl/things/ThingDsl;4.0;1.0;1.0;1.0;1.0;1.6;1.5;1.5;0.5;
http://www.eclipse.org/acceleo/tutorial/webapp;25.0;24.0;18.0;2.0;4.0;14.6;1.88;41.879997;0.45454547;
platform:/resource/OurPartialIFC/model/OurPartialIFC.ecore;13.0;13.0;4.0;2.0;2.0;6.8;2.3076923;6.3076925;0.37037036;
courses;4.0;4.0;12.0;0.0;2.0;4.4;1.0;2.0;0.0;
http://sbp.designer.org/volere/v1;4.0;2.0;5.0;2.0;1.0;2.8;2.0;3.0;0.5882353;
http://www.carnot.ag/repository/4.3;4.0;2.0;5.0;0.0;2.0;2.6;1.0;1.0;0.0;
www.eclipse.org/context;8.0;5.0;2.0;1.0;3.0;3.8;1.375;5.375;0.46153846;
http://www.eclipse.org/examples/tree;2.0;3.0;2.0;0.0;1.0;1.6;1.0;7.0;0.0;
http://www.puppetlabs.com/geppetto/1.0.0/Junitresult;11.0;6.0;30.0;2.0;2.0;10.2;1.9090909;1.9090909;0.4;
http:///buildingsmart.ifc.ecore;801.0;582.0;1472.0;9.0;5.0;573.8;4.6154804;1006.6155;0.7202016;
http://www.bestsolution.at/efxclipse/tooling/css/cssext/CssExtDsl;29.0;35.0;24.0;2.0;2.0;18.4;1.6551725;4.6551723;0.14492753;
http://com/intellicod/rcp/e4/decobat;12.0;9.0;72.0;0.0;3.0;19.2;1.0;5.0;0.0;
http:///mymodel.ecore;1.0;0.0;1.0;0.0;0.0;0.4;1.0;1.0;0.0;
http://www.ucd.ie/bonIDE;17.0;12.0;21.0;2.0;2.0;10.8;1.6470588;3.647059;0.29787233;
http://www.eclipse.org/xtext/generator/parser/antlr/simpleAntlr;16.0;14.0;8.0;2.0;2.0;8.4;1.75;1.75;0.083333336;
http://traceeditor/1.0;9.0;15.0;2.0;1.0;3.0;6.0;1.5555556;11.555555;0.22727273;
petri;3.0;4.0;3.0;0.0;2.0;2.4;1.0;3.0;0.0;
platform:/plugin/no.hal.jex/model/jex.ecore;16.0;11.0;23.0;4.0;2.0;11.2;2.875;21.875;0.7518248;
http://hohenegger.eu/indentationtree;2.0;3.0;3.0;0.0;1.0;1.8;1.0;6.0;0.0;
http:///org/eclipse/tigerstripe/samples/eclipseSummit08/annotations/designNotes.ecore;2.0;0.0;3.0;0.0;0.0;1.0;1.0;1.0;0.0;
org.eclipse.tigerstripe.ir;2.0;1.0;2.0;0.0;1.0;1.2;1.0;1.0;0.0;
http:///recette1-tp2-v0;7.0;9.0;11.0;0.0;3.0;6.0;1.0;4.0;0.0;
http://www.example.org/smalljava/SmallJava;26.0;21.0;10.0;2.0;2.0;12.2;2.1538463;8.153847;0.27906978;
http://www.eclipse.org/acceleo/mt/2.6.0;29.0;23.0;21.0;3.0;3.0;15.8;2.5172415;3.5172415;0.505618;
http://www.reuseware.org/application/taipan;36.0;15.0;12.0;3.0;3.0;13.8;2.0833333;14.083333;0.22857143;
minuml1;14.0;13.0;5.0;3.0;2.0;7.4;2.642857;20.642857;0.6785714;
http://www.intel.com/llvm/ireditor;135.0;184.0;77.0;3.0;11.0;82.0;1.7555555;9.755555;0.33756346;
http://www.eclipse.org/dltk/validators;3.0;1.0;12.0;0.0;1.0;3.4;1.0;2.0;0.0;
http://org.emftools.validation.builder.resourcedesc/1.0;3.0;6.0;2.0;0.0;0.0;2.2;1.0;17.0;0.0;
http://www.test.com/WSTest;6.0;5.0;22.0;0.0;5.0;7.6;1.0;1.0;0.0;
http://userdefevents/1.0;16.0;12.0;5.0;2.0;1.0;7.2;2.0;10.0;0.37037036;
platform:/resource/org.eclipse.tptp.platform.models/src-probekit/model/probekit.xsd;14.0;27.0;31.0;0.0;1.0;14.6;1.0;1.0;0.0;
http://www.opengis.net/wfs;36.0;51.0;94.0;1.0;2.0;36.8;1.1666666;1.1666666;0.11042945;
http://org/jnect/bodymodel;24.0;26.0;6.0;1.0;2.0;11.8;1.8333334;6.8333335;0.8333333;
http:///eclipselabs.org/egis;4.0;2.0;6.0;1.0;0.0;2.6;1.25;7.25;0.2;
http://www.eclipse.org/ui/2010/UIModel/application;77.0;41.0;70.0;13.0;4.0;41.0;4.4545455;18.454546;0.9025461;
http://www.eclipse.org/examples/gmf/ocldriven/table-of-organization-and-equipment;7.0;15.0;6.0;2.0;1.0;6.2;1.8571428;41.857143;0.1923077;
http://www.big.tuwien.ac.at/me/ws11/soopl;25.0;30.0;7.0;2.0;4.0;13.6;2.28;27.279999;0.50666666;
http://www.robotoworks.com/mechanoid/sharedprefs/SharedPreferencesModel;7.0;3.0;7.0;1.0;3.0;4.2;1.4285715;1.4285715;0.0;
http://www.omg.org/spec/DD/20100524/DC-XMI;3.0;0.0;12.0;0.0;0.0;3.0;1.0;1.0;0.0;
http:///www.eclipse.org/m2m/qvt/oml/MModelUriMap/1.0.0;2.0;1.0;2.0;0.0;1.0;1.2;1.0;1.0;0.0;
http://www.codingvienna.org/Dc6;9.0;4.0;7.0;1.0;3.0;4.8;1.5555556;1.5555556;0.0;
http://www.eclipse.org/core/2009/resources/semantic;3.0;4.0;12.0;1.0;0.0;4.0;1.3333334;11.333333;0.44827586;
http://schema.omg.org/SACM/1.0;125.0;66.0;55.0;7.0;3.0;51.2;6.16;52.16;0.87728196;
http://www.informatik.hu-berlin.de/sam/odemcustom;165.0;123.0;26.0;9.0;4.0;65.4;5.0242424;17.024242;0.72859746;
http://graphbt/1.0;38.0;37.0;66.0;1.0;4.0;29.2;1.1842105;13.184211;0.14876033;
http://www.emftext.org/java;241.0;106.0;19.0;26.0;3.0;79.0;8.365146;16.365147;0.8022152;
http://www.eclipse.org/hyades/schema/Outputter.xsd;9.0;14.0;13.0;1.0;1.0;7.6;1.1111112;1.1111112;0.12903225;
urn:openscada:visualInterface;27.0;19.0;59.0;3.0;2.0;22.0;2.2962964;5.296296;0.6080402;
http:///uk/ac/gda/client/tomo/tomoparameters.ecore;10.0;9.0;36.0;0.0;4.0;11.8;1.0;1.0;0.0;
http://www.paranor.ch/Epla2;9.0;8.0;7.0;1.0;1.0;5.2;1.6666666;10.666666;0.21052632;
itu.dk.aamj.model;6.0;4.0;9.0;1.0;2.0;4.4;1.8333334;1.8333334;0.2777778;
http://www.eclipse.org/e4/tools/workbench/node;1.0;2.0;0.0;0.0;1.0;0.8;1.0;3.0;0.0;
urn:org.milyn.edi.unedifact.v41;22.0;22.0;65.0;0.0;2.0;22.2;1.0;1.0;0.0;
http://genericity/language/gbind;105.0;125.0;35.0;4.0;2.0;54.2;3.0190477;232.01904;0.8732171;
http://iec.ch/TC57/2010/CIM-schema-cim15;27.0;10.0;9.0;5.0;0.0;10.2;4.703704;34.703705;0.85384613;
http://www.xtext.org/example/mydsl/WebAppDSL;30.0;26.0;10.0;3.0;3.0;14.4;2.4;3.4;0.0;
http://eclipse.org/virgo/par.ecore;2.0;1.0;1.0;0.0;1.0;1.0;1.0;1.0;0.0;
http://madcow.magic.coll;19.0;13.0;26.0;4.0;2.0;12.8;2.5789473;30.578947;0.8160377;
http://www.cvut.cz/earlgrey/annotation/Annotation;2.0;1.0;3.0;0.0;1.0;1.4;1.0;1.0;0.0;
http://class_diagramm_simple/1.0;7.0;0.0;2.0;0.0;0.0;1.8;1.0;1.0;0.0;
http://modelo/1.0;2.0;0.0;0.0;0.0;0.0;0.4;1.0;1.0;NaN;
http://www.emftext.org/language/sandwich_simple;12.0;3.0;1.0;2.0;1.0;3.8;2.0;3.0;0.42857143;
http://dsg.cs.tcd.ie/smarthouse;16.0;25.0;40.0;0.0;1.0;16.4;1.0;47.0;0.0;
http://AccessControl/1.0;12.0;16.0;4.0;2.0;3.0;7.4;1.8333334;15.833334;0.33333334;
http://www.eclipse.org/emf/compare/writers;4.0;4.0;4.0;0.0;1.0;2.6;1.0;7.0;0.0;
http://www.emftext.org/language/featherweightjava;16.0;19.0;1.0;2.0;3.0;8.2;2.1875;13.1875;0.23076923;
http://projecttrackerresources/1.0;2.0;1.0;3.0;0.0;1.0;1.4;1.0;2.0;0.0;
http://www.emftext.org/language/latex;18.0;24.0;39.0;0.0;2.0;16.6;1.0;1.0;0.0;
http://com.hangum.tadpole.rdb.model.ERDInfo;7.0;12.0;28.0;1.0;2.0;10.0;1.2857143;30.285715;0.21568628;
http:///uk/ac/gda/tomography/scan.ecore;1.0;0.0;13.0;0.0;0.0;2.8;1.0;1.0;0.0;
http://www.elver.org/enumtest;1.0;0.0;1.0;0.0;0.0;0.4;1.0;1.0;0.0;
http://soton.ac.uk/models/fmusim/1.0;12.0;14.0;1.0;0.0;3.0;6.0;1.0;8.0;0.0;
http:///extensionmodel.ecore;2.0;3.0;1.0;0.0;2.0;1.6;1.0;2.0;0.0;
SimpleGMF.com;2.0;1.0;1.0;0.0;1.0;1.0;1.0;1.0;0.0;
http://www.eclipse.org/mdt/uml2tools/timing-diagram/1.0;22.0;49.0;6.0;1.0;1.0;15.8;1.1363636;89.13637;0.140625;
http://de.tuhh.sts.octopus/octopus2emfatic/2006/RandL;15.0;54.0;34.0;1.0;2.0;21.2;1.1333333;86.13333;0.12;
http://www.eclipse.org/ocl/1.1.0/OCL;57.0;41.0;22.0;8.0;2.0;26.0;4.7192984;18.7193;0.6926829;
http:///edu;66.0;50.0;4.0;5.0;2.0;25.4;3.5454545;11.545454;0.49056605;
http://www.obeonetwork.org/layer/0.7.0;1.0;3.0;1.0;0.0;0.0;1.0;1.0;3.0;0.0;
http://www.matiuz.it/menu_maker;4.0;1.0;15.0;0.0;1.0;4.2;1.0;1.0;0.0;
http://www.emftext.org/language/simpleweave;3.0;4.0;6.0;0.0;0.0;2.6;1.0;11.0;0.0;
platform:/resource/owls/model/owls.ecore;24.0;37.0;15.0;1.0;3.0;16.0;1.4583334;51.458336;0.4347826;
http://www.fr.inria.triskell.kompren/fr;8.0;12.0;13.0;1.0;3.0;7.4;1.25;6.25;0.13793103;
http:///org/eclipse/stem/definitions/types.ecore;2.0;0.0;1.0;0.0;0.0;0.6;1.0;1.0;0.0;
http://gts.inf.um.es/modernization/Gra2MoL;24.0;21.0;48.0;1.0;4.0;19.6;1.375;1.375;0.08;
platform:/resource/JETTransformation/metamodel/prom.xsd;16.0;17.0;29.0;0.0;3.0;13.0;1.0;1.0;0.0;
http://inf.mit.bme.hu/donat/incquery-deps/cp2model;7.0;6.0;8.0;1.0;2.0;4.8;1.5714285;6.5714283;0.22222222;
http://kieler.cs.cau.de/GraphvizDot;11.0;12.0;11.0;1.0;2.0;7.4;1.4545455;1.4545455;0.0;
http://robot/1.0;30.0;18.0;10.0;2.0;2.0;12.4;2.1;2.1;0.2820513;
http://kevoree/1.0;7.0;9.0;0.0;0.0;3.0;3.8;1.0;3.0;0.0;
http://miso.es/genericity/benchmarks/bio_tgt;9.0;11.0;26.0;0.0;1.0;9.4;1.0;5.0;0.0;
http://www.cloudsmith.org/geppetto/1.0.0/Forge;14.0;10.0;28.0;1.0;2.0;11.0;1.2857143;5.285714;0.17391305;
http://www.eclipse.org/m2m/atl/2007/ACG;72.0;40.0;20.0;4.0;2.0;27.6;3.9166667;10.916667;0.81424147;
adaptiveSystem;12.0;20.0;18.0;1.0;3.0;10.8;1.5833334;39.583336;0.3559322;
http://behaviour.modulob.dubmas.de/1.0;23.0;24.0;24.0;2.0;4.0;15.4;1.6086956;9.608696;0.1724138;
HALL;116.0;157.0;97.0;1.0;1.0;74.4;1.7068965;306.7069;0.30601093;
http://org.eclipse.jsf.pagedesigner/dtinfo.ecore;6.0;6.0;14.0;0.0;3.0;5.8;1.0;1.0;0.0;
http://www.eclipse.org/virgo/schema/plan;5.0;7.0;14.0;0.0;2.0;5.6;1.0;1.0;0.0;
http://www.tools.skysail/eclipse/RooScript;4.0;1.0;1.0;1.0;1.0;1.6;1.5;1.5;0.5;
http://workbench/1.0;6.0;5.0;7.0;0.0;2.0;4.0;1.0;3.0;0.0;
http://www.omg.org/spec/IFML;63.0;49.0;16.0;7.0;3.0;27.6;5.0;37.0;0.842615;
http://www.eclipse.org/emf/teneo/samples/emf/annotations/cascadenotall;3.0;4.0;5.0;0.0;1.0;2.6;1.0;7.0;0.0;
http://gradingsystem.me12.big.tuwien.ac.at/1.0;9.0;8.0;8.0;1.0;4.0;6.0;1.2222222;2.2222223;0.2;
http://multirobotsystem/1.0;13.0;13.0;21.0;1.0;2.0;10.0;1.4615384;3.4615383;0.30612245;
http://www.iec.ch/61850/2006/SCLcoordinates;2.0;3.0;7.0;0.0;1.0;2.6;1.0;1.0;0.0;
http://eclectic.org/frontend/attributionL;17.0;11.0;0.0;4.0;1.0;6.6;1.9411764;3.9411764;0.0;
http://iaca/1.0;25.0;23.0;5.0;2.0;3.0;11.6;1.8;14.8;0.1764706;
http://www.eclipse.org/emf/2002/Ecore;20.0;48.0;33.0;4.0;3.0;21.6;3.0;65.0;0.56216216;
http://weltevree.com/harmonica.xls;9.0;7.0;8.0;1.0;2.0;5.4;1.1111112;3.1111112;0.11764706;
http:///ch/postfinance/kobe/dsl/kobe_std_fmt/message/generator2.ecore;1.0;0.0;1.0;0.0;0.0;0.4;1.0;1.0;0.0;
http://www.eclipse.org/tptp/symptom/action;2.0;3.0;4.0;0.0;1.0;2.0;1.0;1.0;0.0;
http://www.emftext.org/c_sharp;210.0;202.0;7.0;4.0;8.0;86.2;2.4333334;2.4333334;0.032407407;
http://www.emftext.org/simTL4J;250.0;114.0;23.0;26.0;3.0;83.2;7.972;14.972;0.79643387;
http://www.emftext.org/language/conference;9.0;6.0;4.0;2.0;3.0;4.8;1.8888888;3.8888888;0.44444445;
http://www.eclipse.org/Text;8.0;12.0;5.0;2.0;1.0;5.6;2.0;2.0;0.32;
http://www.eclipse.org/emf/teneo/samples/emf/sample/claim;4.0;5.0;9.0;0.0;3.0;4.2;1.0;7.0;0.0;
http://kevoree/1.0;40.0;64.0;41.0;4.0;5.0;30.8;2.175;46.175;0.527027;
PetriNetV2;5.0;16.0;0.0;0.0;0.0;4.2;1.0;45.0;0.0;
http://www.bestsolution.at/bitbucketmgr;3.0;2.0;4.0;0.0;2.0;2.2;1.0;1.0;0.0;
http://dao/1.0;13.0;0.0;3.0;1.0;0.0;3.4;1.8461539;1.8461539;0.88;
http://automotive-his.de/schema/rif;84.0;162.0;171.0;0.0;8.0;85.0;1.0;53.0;0.0;
murdercase;5.0;6.0;6.0;0.0;2.0;3.8;1.0;2.0;0.0;
http://www.eclipse.org/gmf/2006/GraphicalDefinition;72.0;57.0;78.0;8.0;4.0;43.8;3.0972223;26.097221;0.7563177;
http://pop/1.0;15.0;12.0;0.0;3.0;2.0;6.4;1.8;5.8;0.5862069;
http://www.example.org/info/cukes/feature;32.0;34.0;11.0;1.0;3.0;16.2;1.0625;1.0625;0.1509434;
http://www.eclipse.org/tigerstripe/schemas/BuildsSchema;7.0;5.0;10.0;2.0;3.0;5.4;2.142857;2.142857;0.5945946;
http://www.eclipse.org/dltk/javascript/typeinfo.ecore;31.0;28.0;22.0;6.0;2.0;17.8;2.7419355;16.741936;0.6855346;
http://www.upv.tcp.es/android;16.0;11.0;19.0;2.0;1.0;9.8;1.875;26.875;0.67741936;
http://www.xtext.org/function/Function;21.0;19.0;12.0;5.0;3.0;12.0;2.857143;6.857143;0.5441176;
sm.meta;17.0;21.0;16.0;1.0;4.0;11.8;1.2941177;29.294117;0.39344263;
http://datatypes/1.0;9.0;6.0;7.0;3.0;2.0;5.4;2.2222223;10.222222;0.48;
http://www.kwarc.info/Elf;5.0;2.0;6.0;1.0;1.0;3.0;1.4;1.4;0.2;
http://www.openmodelica.org/openmodelica.abstact.syntax/;195.0;169.0;32.0;1.0;4.0;80.2;1.7487179;4.748718;0.0;
http://www.example.org/my/dsl;14.0;22.0;12.0;0.0;2.0;10.0;1.0;1.0;0.0;
http://www.arz.org/miniScript;17.0;20.0;11.0;1.0;2.0;10.2;1.882353;1.882353;0.0;
http://sokan.reuseware.org;11.0;13.0;14.0;1.0;2.0;8.2;1.0909091;3.090909;0.035714287;
http://sbp.designer.org/core/v1;6.0;4.0;2.0;3.0;0.0;3.0;2.6666667;12.666667;0.71428573;
http:///buildingsmart.ifc.ecore;945.0;607.0;1545.0;11.0;5.0;622.6;6.172487;1041.1725;0.8219133;
http://www.eclipse.org/emf/teneo/samples/emf/annotations/idbag;1.0;0.0;2.0;0.0;0.0;0.6;1.0;1.0;0.0;
BD;5.0;6.0;2.0;1.0;2.0;3.2;1.6;4.6;0.27272728;
http://www.bluexml.com/rwm/mindmap/1.0/;5.0;6.0;14.0;0.0;3.0;5.6;1.0;2.0;0.0;
http://www.eclipse.org/hyades/models/SDB.xmi;5.0;8.0;14.0;0.0;2.0;5.8;1.0;13.0;0.0;
http://www.ubx.www/ch/OpenAir;43.0;41.0;28.0;1.0;3.0;23.2;1.4186046;1.4186046;0.14814815;
http://www.anfelisa.com/Anfelisa;6.0;2.0;2.0;2.0;1.0;2.6;2.0;2.0;0.0;
file:/C:/Users/rytina/Workspaces/WS_GREMLIN/gremlin/src/gremlin/osm.xsd;9.0;12.0;31.0;0.0;1.0;10.6;1.0;1.0;0.0;
http:///tp4-v0;13.0;16.0;13.0;1.0;4.0;9.4;1.3076923;6.3076925;0.29268292;
http://net.paissad.waqtsalat/core/1.0;1.0;0.0;4.0;0.0;0.0;1.0;1.0;1.0;0.0;
http://www.polopoly.com/ps/dsl/TextContent;8.0;3.0;13.0;2.0;1.0;5.4;1.75;1.75;0.27272728;
platform:/resource/org.mule.ide.emf/xml/mule-ide.xsd;5.0;6.0;7.0;0.0;1.0;3.8;1.0;1.0;0.0;
platform:/resource/WebDSL/model/WebDSL.ecore;10.0;3.0;4.0;4.0;1.0;4.4;3.1;3.1;0.7083333;
http://www.eclipse.org/Xtext/example/Arithmetics;14.0;15.0;4.0;2.0;1.0;7.2;1.7142857;2.7142859;0.0952381;
http://epf.eclipse.org/msproject;41.0;46.0;380.0;0.0;4.0;94.2;1.0;1.0;0.0;
http://classdiagram.ecore;14.0;17.0;10.0;1.0;3.0;9.0;1.3571428;10.357142;0.35714287;
http://www.example.com/ExtendedPO;9.0;11.0;24.0;2.0;1.0;9.4;1.4444444;15.444445;0.16666667;
http://genericity/examples/directedgraph;4.0;6.0;3.0;1.0;0.0;2.8;1.5;18.5;0.18181819;
http://org.eclipse.jst.jsf.common.metadata/metadataTraitTypes.ecore;4.0;1.0;4.0;0.0;2.0;2.2;1.0;1.0;0.0;
http://automotive-his.de/200706/rif-xhtml;65.0;279.0;333.0;1.0;2.0;136.0;1.6461538;1.6461538;0.6810839;
http://www.redhawk.gov/model/codegen;6.0;5.0;14.0;0.0;3.0;5.6;1.0;1.0;0.0;
http://www.eclipse.org/gmf/examples/runtime/1.0.0/logicsemantic;15.0;6.0;2.0;4.0;2.0;5.8;2.6666667;6.666667;0.85714287;
http://miso.es/genericity/benchmarks/pub_src;5.0;3.0;8.0;0.0;2.0;3.6;1.0;1.0;0.0;
http://www.sebastianbenz.de/task/2011/;14.0;9.0;10.0;2.0;2.0;7.4;2.2857144;14.285714;0.7654321;
http://kieler.cs.cau.de/synccharts;20.0;39.0;29.0;2.0;2.0;18.4;1.85;86.85;0.43333334;
http://www.eclipse.org/emf/teneo/samples/emf/annotations/embedded;3.0;6.0;3.0;0.0;1.0;2.6;1.0;1.0;0.0;
http://www.quamoco.de/cm/v1;6.0;12.0;16.0;0.0;1.0;7.0;1.0;24.0;0.0;
http://code.google.com/a/eclipselabs.org/p/mongo-emf/1.0/freemarker;1.0;0.0;1.0;0.0;0.0;0.4;1.0;1.0;0.0;
http://www.reuseware.org/air/language/cmsl;28.0;24.0;10.0;2.0;2.0;13.2;1.6428572;1.6428572;0.0;
http://schema.omg.org/spec/QVT/1.1/flatqvt.xml;149.0;204.0;42.0;10.0;3.0;81.6;6.0536914;201.05368;0.7284768;
http://schmeedy.com/pdt/joomla/project/model;5.0;4.0;16.0;1.0;0.0;5.2;1.4;11.4;0.44444445;
http://www.w3.org/1999/02/22-rdf-syntax-ns#;19.0;27.0;8.0;4.0;1.0;11.8;3.3157895;59.31579;0.72440946;
http://madcow.magic.database;14.0;7.0;19.0;4.0;1.0;9.0;2.7857144;18.785713;0.8586956;
http://com.opcoach.training/rentalSansGmfAnnot/1.0;4.0;8.0;8.0;0.0;1.0;4.2;1.0;18.0;0.0;
http://iec.ch/TC57/2010/CIM-schema-cim15;25.0;26.0;67.0;5.0;0.0;24.6;3.48;81.479996;0.5974026;
http://cloudml.net;16.0;25.0;20.0;3.0;3.0;13.4;3.5;14.5;0.35714287;
http://irit.fr/dot;5.0;4.0;5.0;2.0;1.0;3.4;2.2;9.2;0.5263158;
library;6.0;4.0;5.0;1.0;2.0;3.6;1.5;7.5;0.5;
epc;14.0;19.0;3.0;2.0;2.0;8.0;2.0714285;46.071426;0.3529412;
http://ww.eclipse.org/OCL/Values;16.0;0.0;0.0;13.0;0.0;5.8;4.125;4.125;NaN;
http://www.eclipse.org/emf/CDO/examples/company/1.0.0;10.0;15.0;12.0;1.0;1.0;7.8;1.5;24.5;0.28947368;
http://migration.modulob.dubmas.de/1.0;39.0;30.0;22.0;2.0;4.0;19.4;1.948718;13.948718;0.5555556;
http://antikythera/1.0;18.0;9.0;10.0;1.0;2.0;8.0;1.7222222;15.722222;0.67241377;
javaz;8.0;10.0;25.0;1.0;2.0;9.2;1.75;5.75;0.14634146;
platform:/plugin/org.eclipse.e4.tm/model/tm/layouts.ecore;7.0;1.0;4.0;4.0;1.0;3.4;2.0;2.0;0.61538464;
http://maven.apache.org/POM/4.0.0;86.0;104.0;151.0;0.0;5.0;69.2;1.0;1.0;0.0;
http://www.soluvas.org/schema/ui/1.0;13.0;22.0;18.0;1.0;3.0;11.4;1.1538461;14.153846;0.13043478;
http://www.ucd.ie/bonide/BONModel;29.0;31.0;18.0;3.0;3.0;16.8;2.2068965;29.206896;0.5882353;
http://www.mas-wb.com/com/mas/lwc2013/QL;21.0;13.0;6.0;4.0;2.0;9.2;2.0952382;5.095238;0.36666667;
http://www.eclipse.org/ARTICLE/1.0;35.0;23.0;21.0;8.0;1.0;17.6;3.142857;49.142857;0.7456647;
http://www.devoxx2012.com/xtext/demo1/Demo1;6.0;7.0;2.0;0.0;3.0;3.6;1.0;2.0;0.0;
platform:/resource/SimplifiedJML/model/SimplifiedJMLModel.ecore;3.0;2.0;5.0;0.0;2.0;2.4;1.0;1.0;0.0;
http://org.eclipse.mylyn.reviews.frame.core.model/1.0;12.0;14.0;11.0;2.0;3.0;8.4;1.8333334;8.833333;0.3902439;
http://exampleinteractionmodel/1.0;6.0;3.0;3.0;1.0;0.0;2.6;1.1666666;3.1666665;0.25;
http://org.mde/wadl/metamodel;25.0;9.0;15.0;5.0;3.0;11.4;3.84;6.84;0.5;
http://hadoop/1.0;5.0;4.0;25.0;2.0;1.0;7.4;1.6;2.6;0.48214287;
hExample_3_RHS;1.0;0.0;2.0;0.0;0.0;0.6;1.0;1.0;0.0;
platform:/resource/WSL/freemind.xsd;11.0;22.0;35.0;0.0;2.0;14.0;1.0;1.0;0.0;
http://schema.rtaw.fr/quizz;4.0;5.0;8.0;0.0;2.0;3.8;1.0;7.0;0.0;
http://www.obeo.fr/smartea/import/1.0;1.0;1.0;4.0;0.0;1.0;1.4;1.0;1.0;0.0;
http://spielfeld/1.0;10.0;8.0;11.0;3.0;3.0;7.0;2.1;8.1;0.36666667;
http://www.omg.org/ARM;18.0;10.0;7.0;4.0;2.0;8.2;3.1111112;9.111111;0.82474226;
http://www.dynamicui.org/;2.0;2.0;3.0;0.0;1.0;1.6;1.0;1.0;0.0;
http://org.eclipse.jsf.pagedesigner/QuickEditTabSections.ecore;2.0;1.0;2.0;0.0;1.0;1.2;1.0;1.0;0.0;
http://www.emftext.org/language/simplec;7.0;2.0;1.0;2.0;1.0;2.6;1.8571428;1.8571428;0.5;
http://www.eclipse.org/gmf/2008/Widget;16.0;12.0;22.0;2.0;3.0;11.0;1.8125;13.8125;0.42372882;
http://test;3.0;1.0;2.0;0.0;1.0;1.4;1.0;1.0;0.0;
http://nanostructure/1.0;11.0;2.0;23.0;2.0;2.0;8.0;2.5454545;4.5454545;0.5833333;
http:///org/eclipse/wst/xml/vex/core/internal/dom.ecore;0.0;0.0;0.0;0.0;0.0;0.0;NaN;NaN;NaN;
http://www.SimpleModel;2.0;1.0;0.0;0.0;1.0;0.8;1.0;1.0;0.0;
business;45.0;13.0;9.0;2.0;1.0;14.0;2.2222223;35.22222;0.92786884;
http://genericity/examples/oo;3.0;3.0;2.0;0.0;1.0;1.8;1.0;2.0;0.0;
http://robotics.unibg.it/featuremodels;7.0;11.0;16.0;1.0;2.0;7.4;1.1428572;17.142857;0.035714287;
http://www.bt.org/translation/sal/Sal;32.0;28.0;10.0;1.0;3.0;14.8;1.4375;6.4375;0.0952381;
http://www.eclipse.org/qvt/2008/atlvm/problems;1.0;0.0;7.0;0.0;0.0;1.6;1.0;1.0;0.0;
http://kompicsComponents/1.0;9.0;25.0;6.0;0.0;4.0;8.8;1.0;17.0;0.0;
http://www.eclipse.org/hyades/schema/Parser.xsd;5.0;8.0;23.0;0.0;1.0;7.4;1.0;1.0;0.0;
http://futsal/1.0;16.0;26.0;21.0;3.0;2.0;13.6;2.0625;19.0625;0.5104167;
http://unw.design.model.emf.db2emf/1.0;0.0;0.0;0.0;0.0;0.0;0.0;NaN;NaN;NaN;
hExamle_4_LHS;2.0;0.0;1.0;0.0;0.0;0.6;1.0;1.0;0.0;
http:///com_hassanpur_cmpe235_adtouch_MainActivity2.ecore;20.0;28.0;0.0;0.0;2.0;10.0;1.0;59.0;0.0;
http://www.emftext.org/commons/layout;4.0;1.0;4.0;1.0;1.0;2.2;1.75;2.75;0.7058824;
http://www.eclipse.org/epf/uma/1.0.6;87.0;29.0;218.0;10.0;3.0;69.4;7.206897;7.206897;0.8826603;
http://education/1.0;3.0;6.0;5.0;0.0;2.0;3.2;1.0;7.0;0.0;
http://customers/1.0;2.0;1.0;9.0;0.0;1.0;2.6;1.0;2.0;0.0;
http://www.xtext.org/example/mydsl/FML;12.0;16.0;18.0;2.0;2.0;10.0;1.5833334;9.583333;0.0;
http://www.kermeta.org/fsmSample;4.0;10.0;5.0;0.0;1.0;4.0;1.0;20.0;0.0;
http://www.eclipse.org/emf/eef/views/1.0.0;13.0;13.0;14.0;5.0;2.0;9.4;3.0;30.0;0.6086956;
http://www.graphstream.org/DGS;17.0;25.0;25.0;0.0;5.0;14.4;1.0;1.0;0.0;
http://www.eclipse.org/emf/compare/books;4.0;4.0;4.0;0.0;1.0;2.6;1.0;7.0;0.0;
http:///com/dstc/tefkat/TefkatTrace.ecore;7.0;4.0;5.0;1.0;1.0;3.6;1.7142857;4.714286;0.0;
http://www.eclipse.org/tracability/1.0;7.0;11.0;6.0;1.0;2.0;5.4;1.2857143;19.285713;0.10526316;
http://iec.ch/TC57/2010/CIM-schema-cim15;46.0;38.0;15.0;6.0;0.0;21.0;4.8913045;118.891304;0.81272084;
http://irit.fr/vdmapping;3.0;1.0;4.0;1.0;1.0;2.0;1.3333334;1.3333334;0.16666667;
http:///completemodel.ecore;3.0;1.0;13.0;0.0;1.0;3.6;1.0;1.0;0.0;
http://www.kappa.urban;20.0;22.0;18.0;1.0;4.0;13.0;1.35;1.35;0.0;
http:///org/isistan/flabot/edit/ucmmodel.ecore;59.0;115.0;48.0;8.0;6.0;47.2;2.8644068;129.86441;0.48253968;
http://appWeb/1.0;5.0;4.0;14.0;0.0;1.0;4.8;1.0;1.0;0.0;
http://iec.ch/TC57/2008/CIM-schema-cim13#;87.0;92.0;96.0;7.0;0.0;56.4;4.54023;279.54022;0.802935;
http://capua/1.0;13.0;15.0;11.0;3.0;2.0;8.8;2.6153846;37.615387;0.75238097;
http://servicefeaturemodel/1.0;19.0;21.0;39.0;1.0;4.0;16.8;1.3157895;7.315789;0.3877551;
http:///org/example/auction.ecore;2.0;2.0;6.0;0.0;0.0;2.0;1.0;7.0;0.0;
http://www.blimster.net/gwt/threejs/wdl/ThreeJsWrapperDescriptionLanguage;11.0;15.0;13.0;0.0;4.0;8.6;1.0;3.0;0.0;
http://www.euclideanspace.com/spad/Editor;78.0;226.0;128.0;3.0;7.0;88.4;1.7179487;1.7179487;0.6781818;
fr;11.0;22.0;8.0;3.0;2.0;9.2;2.0;44.0;0.5;
http://captah/1.0;10.0;9.0;5.0;3.0;3.0;6.0;2.2;11.2;0.4814815;
http://www.machina.no/noark;39.0;70.0;226.0;3.0;4.0;68.4;1.5128205;34.51282;0.2562814;
http://irit.fr/zestgraph;6.0;8.0;10.0;1.0;2.0;5.4;1.6666666;19.666668;0.25;
http://www.amcl.tuc.gr/aseme/metamodels/IAC;4.0;7.0;9.0;0.0;2.0;4.4;1.0;5.0;0.0;
http://www.emftext.org/language/SOS;39.0;45.0;9.0;3.0;4.0;20.0;1.9743589;4.974359;0.22857143;
http://grapho/1.0;4.0;3.0;8.0;1.0;1.0;3.4;1.75;3.75;0.21428572;
http://www.emftext.org/java;233.0;104.0;17.0;26.0;3.0;76.6;8.296138;15.296138;0.80033004;
http://Blatt01;9.0;13.0;2.0;1.0;3.0;5.6;1.4444444;9.444445;0.25;
http://model/1.0;3.0;2.0;3.0;0.0;2.0;2.0;1.0;3.0;0.0;
http://eclipse.org/remus/1.0;38.0;30.0;75.0;3.0;2.0;29.6;1.6052631;10.605263;0.29054055;
http://eclipse.org/Xtext/xdoc/imageProxy;1.0;0.0;1.0;0.0;0.0;0.4;1.0;1.0;0.0;
http://www.eclipse.org/emf/teneo/hibernate/auditing;2.0;1.0;17.0;0.0;1.0;4.2;1.0;2.0;0.0;
http://www.sdu.dk/mmmi/modular/roco2/Roco2;33.0;37.0;24.0;2.0;2.0;19.6;1.9090909;13.909091;0.07575758;
http://openarchitectureware.org/trace;6.0;7.0;3.0;1.0;3.0;4.0;1.3333334;5.3333335;0.2857143;
http://www.kerblue.org/requirements/1.0;15.0;16.0;21.0;4.0;1.0;11.4;2.8;15.8;0.47887325;
electrical_electrical.xmi;6.0;6.0;4.0;1.0;0.0;3.4;1.5;19.5;0.54545456;
dfa;9.0;8.0;5.0;3.0;2.0;5.4;2.1111112;4.111111;0.4347826;
http://medieval/1.0;5.0;7.0;9.0;0.0;1.0;4.4;1.0;18.0;0.0;
http://github.com/sbegaudeau/acceleo/scalametamodel/2011/01;20.0;19.0;14.0;7.0;6.0;13.2;3.7;18.7;0.64893615;
http://aigle-tp6.v0;10.0;17.0;15.0;0.0;3.0;9.0;1.0;13.0;0.0;
de.rwth_aachen.swc.vorkurs;9.0;7.0;20.0;1.0;2.0;7.8;1.2222222;1.2222222;0.34146342;
http://www.sdu.dk/mmmi/embedix/ULSWIG;25.0;14.0;23.0;2.0;4.0;13.6;1.68;3.6799998;0.17777778;
http://www.informatik.hu-berlin.de/sam/lang/bf;2.0;7.0;1.0;0.0;1.0;2.2;1.0;18.0;0.0;
urn:openscada:protocol:ngp;18.0;13.0;18.0;1.0;1.0;10.2;1.7222222;25.722221;0.7181818;
http://www.lunifera.org/metamodel/dsl/SqlDSL;14.0;9.0;17.0;2.0;2.0;8.8;1.5;3.5;0.23529412;